"id","external_id","property_id","unit_id","asset_id","workflow_item_id","category","description","priority","status","created_date","first_response_date","completed_date","sla_deadline_hours","sla_status","sla_response_delay_hours","is_system_generated","raw_data","import_batch_id","imported_at","updated_at","assigned_to","notes","region_name","property_name_raw","unit_number_raw","turn_id","scheduled_date","estimated_hours","actual_hours","stage","stage_status","days_in_stage","is_blocked","delay_reason","vendor","bottleneck_flag","bottleneck_type","aggregation_scope"
"26","WO-001","5","535",,"511","Turn","Unit 101 stalled awaiting flooring completion","high","in_progress","""2026-03-25T00:00:00.000Z""",,,"24","missed","290.24","false","{""notes"":""Stress-test bottleneck cluster at flooring stage"",""stage"":""Flooring"",""status"":""In Progress"",""vendor"":""Precision Floors"",""turn_id"":""TURN-001"",""category"":""Turn"",""priority"":""High"",""is_blocked"":""True"",""assigned_to"":""Vendor Liaison"",""description"":""Unit 101 stalled awaiting flooring completion"",""region_name"":""North Region"",""unit_number"":""101"",""actual_hours"":""4"",""created_date"":""2026-03-25"",""delay_reason"":""Subfloor repair discovered"",""stage_status"":""in_progress"",""days_in_stage"":""9"",""property_name"":""Stonewood Village"",""work_order_id"":""WO-001"",""completed_date"":"""",""scheduled_date"":""2026-03-27"",""bottleneck_flag"":""True"",""bottleneck_type"":""stage_congestion"",""estimated_hours"":""8"",""aggregation_scope"":""unit,property,regional""}","a09e88e2-c6e6-4475-8be8-d3c54ebc8ef6","""2026-04-07T02:14:06.715Z""","""2026-04-07T02:14:06.715Z""","Vendor Liaison","Stress-test bottleneck cluster at flooring stage","North Region","Stonewood Village","101","TURN-001","""2026-03-27T00:00:00.000Z""","8","4","Flooring","in_progress","9","true","Subfloor repair discovered","Precision Floors","true","stage_congestion","unit,property,regional"
"27","WO-002","5",,,"512","Turn","Unit 102 stalled awaiting flooring completion","high","in_progress","""2026-03-24T00:00:00.000Z""",,,"24","missed","314.24","false","{""notes"":""Stress-test bottleneck cluster at flooring stage"",""stage"":""Flooring"",""status"":""In Progress"",""vendor"":""Precision Floors"",""turn_id"":""TURN-002"",""category"":""Turn"",""priority"":""High"",""is_blocked"":""True"",""assigned_to"":""Team A"",""description"":""Unit 102 stalled awaiting flooring completion"",""region_name"":""North Region"",""unit_number"":""102"",""actual_hours"":""3"",""created_date"":""2026-03-24"",""delay_reason"":""Subfloor repair discovered"",""stage_status"":""in_progress"",""days_in_stage"":""8"",""property_name"":""Stonewood Village"",""work_order_id"":""WO-002"",""completed_date"":"""",""scheduled_date"":""2026-03-26"",""bottleneck_flag"":""True"",""bottleneck_type"":""stage_congestion"",""estimated_hours"":""8"",""aggregation_scope"":""unit,property,regional""}","a09e88e2-c6e6-4475-8be8-d3c54ebc8ef6","""2026-04-07T02:14:06.733Z""","""2026-04-07T02:14:06.733Z""","Team A","Stress-test bottleneck cluster at flooring stage","North Region","Stonewood Village","102","TURN-002","""2026-03-26T00:00:00.000Z""","8","3","Flooring","in_progress","8","true","Subfloor repair discovered","Precision Floors","true","stage_congestion","unit,property,regional"
"28","WO-003","5","463",,"513","Turn","Unit 103 stalled awaiting flooring completion","critical","in_progress","""2026-03-23T00:00:00.000Z""",,,"24","missed","338.24","false","{""notes"":""Stress-test bottleneck cluster at flooring stage"",""stage"":""Flooring"",""status"":""In Progress"",""vendor"":""Rochester Surface Pros"",""turn_id"":""TURN-003"",""category"":""Turn"",""priority"":""Critical"",""is_blocked"":""True"",""assigned_to"":""Team A"",""description"":""Unit 103 stalled awaiting flooring completion"",""region_name"":""North Region"",""unit_number"":""103"",""actual_hours"":""3"",""created_date"":""2026-03-23"",""delay_reason"":""Material backorder"",""stage_status"":""in_progress"",""days_in_stage"":""6"",""property_name"":""Stonewood Village"",""work_order_id"":""WO-003"",""completed_date"":"""",""scheduled_date"":""2026-03-25"",""bottleneck_flag"":""True"",""bottleneck_type"":""stage_congestion"",""estimated_hours"":""8"",""aggregation_scope"":""unit,property,regional""}","a09e88e2-c6e6-4475-8be8-d3c54ebc8ef6","""2026-04-07T02:14:06.745Z""","""2026-04-07T02:14:06.745Z""","Team A","Stress-test bottleneck cluster at flooring stage","North Region","Stonewood Village","103","TURN-003","""2026-03-25T00:00:00.000Z""","8","3","Flooring","in_progress","6","true","Material backorder","Rochester Surface Pros","true","stage_congestion","unit,property,regional"
"29","WO-004","5",,,"514","Turn","Unit 104 stalled awaiting flooring completion","high","in_progress","""2026-03-22T00:00:00.000Z""",,,"24","missed","362.24","false","{""notes"":""Stress-test bottleneck cluster at flooring stage"",""stage"":""Flooring"",""status"":""In Progress"",""vendor"":""Rochester Surface Pros"",""turn_id"":""TURN-004"",""category"":""Turn"",""priority"":""High"",""is_blocked"":""True"",""assigned_to"":""Team A"",""description"":""Unit 104 stalled awaiting flooring completion"",""region_name"":""North Region"",""unit_number"":""104"",""actual_hours"":""4"",""created_date"":""2026-03-22"",""delay_reason"":""Subfloor repair discovered"",""stage_status"":""in_progress"",""days_in_stage"":""6"",""property_name"":""Stonewood Village"",""work_order_id"":""WO-004"",""completed_date"":"""",""scheduled_date"":""2026-03-24"",""bottleneck_flag"":""True"",""bottleneck_type"":""stage_congestion"",""estimated_hours"":""8"",""aggregation_scope"":""unit,property,regional""}","a09e88e2-c6e6-4475-8be8-d3c54ebc8ef6","""2026-04-07T02:14:06.763Z""","""2026-04-07T02:14:06.763Z""","Team A","Stress-test bottleneck cluster at flooring stage","North Region","Stonewood Village","104","TURN-004","""2026-03-24T00:00:00.000Z""","8","4","Flooring","in_progress","6","true","Subfloor repair discovered","Rochester Surface Pros","true","stage_congestion","unit,property,regional"
"30","WO-005","5",,,"515","Turn","Unit 105 stalled awaiting flooring completion","high","in_progress","""2026-03-21T00:00:00.000Z""",,,"24","missed","386.24","false","{""notes"":""Stress-test bottleneck cluster at flooring stage"",""stage"":""Flooring"",""status"":""In Progress"",""vendor"":""Precision Floors"",""turn_id"":""TURN-005"",""category"":""Turn"",""priority"":""High"",""is_blocked"":""True"",""assigned_to"":""Team A"",""description"":""Unit 105 stalled awaiting flooring completion"",""region_name"":""North Region"",""unit_number"":""105"",""actual_hours"":""3"",""created_date"":""2026-03-21"",""delay_reason"":""Subfloor repair discovered"",""stage_status"":""in_progress"",""days_in_stage"":""7"",""property_name"":""Stonewood Village"",""work_order_id"":""WO-005"",""completed_date"":"""",""scheduled_date"":""2026-03-23"",""bottleneck_flag"":""True"",""bottleneck_type"":""stage_congestion"",""estimated_hours"":""8"",""aggregation_scope"":""unit,property,regional""}","a09e88e2-c6e6-4475-8be8-d3c54ebc8ef6","""2026-04-07T02:14:06.777Z""","""2026-04-07T02:14:06.777Z""","Team A","Stress-test bottleneck cluster at flooring stage","North Region","Stonewood Village","105","TURN-005","""2026-03-23T00:00:00.000Z""","8","3","Flooring","in_progress","7","true","Subfloor repair discovered","Precision Floors","true","stage_congestion","unit,property,regional"
"31","WO-006","5",,,"516","Turn","Unit 106 stalled awaiting flooring completion","critical","in_progress","""2026-03-20T00:00:00.000Z""",,,"24","missed","410.24","false","{""notes"":""Stress-test bottleneck cluster at flooring stage"",""stage"":""Flooring"",""status"":""In Progress"",""vendor"":""Precision Floors"",""turn_id"":""TURN-006"",""category"":""Turn"",""priority"":""Critical"",""is_blocked"":""True"",""assigned_to"":""Vendor Liaison"",""description"":""Unit 106 stalled awaiting flooring completion"",""region_name"":""North Region"",""unit_number"":""106"",""actual_hours"":""3"",""created_date"":""2026-03-20"",""delay_reason"":""Vendor scheduling delay"",""stage_status"":""in_progress"",""days_in_stage"":""7"",""property_name"":""Stonewood Village"",""work_order_id"":""WO-006"",""completed_date"":"""",""scheduled_date"":""2026-03-22"",""bottleneck_flag"":""True"",""bottleneck_type"":""stage_congestion"",""estimated_hours"":""8"",""aggregation_scope"":""unit,property,regional""}","a09e88e2-c6e6-4475-8be8-d3c54ebc8ef6","""2026-04-07T02:14:06.790Z""","""2026-04-07T02:14:06.790Z""","Vendor Liaison","Stress-test bottleneck cluster at flooring stage","North Region","Stonewood Village","106","TURN-006","""2026-03-22T00:00:00.000Z""","8","3","Flooring","in_progress","7","true","Vendor scheduling delay","Precision Floors","true","stage_congestion","unit,property,regional"
"32","WO-007","5","339",,"517","Turn","Unit 107 stalled awaiting flooring completion","high","in_progress","""2026-03-19T00:00:00.000Z""",,,"24","missed","434.24","false","{""notes"":""Stress-test bottleneck cluster at flooring stage"",""stage"":""Flooring"",""status"":""In Progress"",""vendor"":""Precision Floors"",""turn_id"":""TURN-007"",""category"":""Turn"",""priority"":""High"",""is_blocked"":""True"",""assigned_to"":""Vendor Liaison"",""description"":""Unit 107 stalled awaiting flooring completion"",""region_name"":""North Region"",""unit_number"":""107"",""actual_hours"":""6"",""created_date"":""2026-03-19"",""delay_reason"":""Subfloor repair discovered"",""stage_status"":""in_progress"",""days_in_stage"":""7"",""property_name"":""Stonewood Village"",""work_order_id"":""WO-007"",""completed_date"":"""",""scheduled_date"":""2026-03-21"",""bottleneck_flag"":""True"",""bottleneck_type"":""stage_congestion"",""estimated_hours"":""8"",""aggregation_scope"":""unit,property,regional""}","a09e88e2-c6e6-4475-8be8-d3c54ebc8ef6","""2026-04-07T02:14:06.805Z""","""2026-04-07T02:14:06.805Z""","Vendor Liaison","Stress-test bottleneck cluster at flooring stage","North Region","Stonewood Village","107","TURN-007","""2026-03-21T00:00:00.000Z""","8","6","Flooring","in_progress","7","true","Subfloor repair discovered","Precision Floors","true","stage_congestion","unit,property,regional"
"33","WO-008","5",,,"518","Turn","Unit 108 stalled awaiting flooring completion","high","in_progress","""2026-03-18T00:00:00.000Z""",,,"24","missed","458.24","false","{""notes"":""Stress-test bottleneck cluster at flooring stage"",""stage"":""Flooring"",""status"":""In Progress"",""vendor"":""Precision Floors"",""turn_id"":""TURN-008"",""category"":""Turn"",""priority"":""High"",""is_blocked"":""True"",""assigned_to"":""Vendor Liaison"",""description"":""Unit 108 stalled awaiting flooring completion"",""region_name"":""North Region"",""unit_number"":""108"",""actual_hours"":""4"",""created_date"":""2026-03-18"",""delay_reason"":""Subfloor repair discovered"",""stage_status"":""in_progress"",""days_in_stage"":""6"",""property_name"":""Stonewood Village"",""work_order_id"":""WO-008"",""completed_date"":"""",""scheduled_date"":""2026-03-20"",""bottleneck_flag"":""True"",""bottleneck_type"":""stage_congestion"",""estimated_hours"":""8"",""aggregation_scope"":""unit,property,regional""}","a09e88e2-c6e6-4475-8be8-d3c54ebc8ef6","""2026-04-07T02:14:06.819Z""","""2026-04-07T02:14:06.819Z""","Vendor Liaison","Stress-test bottleneck cluster at flooring stage","North Region","Stonewood Village","108","TURN-008","""2026-03-20T00:00:00.000Z""","8","4","Flooring","in_progress","6","true","Subfloor repair discovered","Precision Floors","true","stage_congestion","unit,property,regional"
"34","WO-009","5",,,"519","Turn","Unit 109 stalled awaiting flooring completion","critical","in_progress","""2026-03-17T00:00:00.000Z""",,,"24","missed","482.24","false","{""notes"":""Stress-test bottleneck cluster at flooring stage"",""stage"":""Flooring"",""status"":""In Progress"",""vendor"":""Precision Floors"",""turn_id"":""TURN-009"",""category"":""Turn"",""priority"":""Critical"",""is_blocked"":""True"",""assigned_to"":""Vendor Liaison"",""description"":""Unit 109 stalled awaiting flooring completion"",""region_name"":""North Region"",""unit_number"":""109"",""actual_hours"":""3"",""created_date"":""2026-03-17"",""delay_reason"":""Subfloor repair discovered"",""stage_status"":""in_progress"",""days_in_stage"":""10"",""property_name"":""Stonewood Village"",""work_order_id"":""WO-009"",""completed_date"":"""",""scheduled_date"":""2026-03-19"",""bottleneck_flag"":""True"",""bottleneck_type"":""stage_congestion"",""estimated_hours"":""8"",""aggregation_scope"":""unit,property,regional""}","a09e88e2-c6e6-4475-8be8-d3c54ebc8ef6","""2026-04-07T02:14:06.833Z""","""2026-04-07T02:14:06.833Z""","Vendor Liaison","Stress-test bottleneck cluster at flooring stage","North Region","Stonewood Village","109","TURN-009","""2026-03-19T00:00:00.000Z""","8","3","Flooring","in_progress","10","true","Subfloor repair discovered","Precision Floors","true","stage_congestion","unit,property,regional"
"35","WO-010","5","796",,"520","Turn","Unit 110 stalled awaiting flooring completion","high","in_progress","""2026-03-16T00:00:00.000Z""",,,"24","missed","506.24","false","{""notes"":""Stress-test bottleneck cluster at flooring stage"",""stage"":""Flooring"",""status"":""In Progress"",""vendor"":""Rochester Surface Pros"",""turn_id"":""TURN-010"",""category"":""Turn"",""priority"":""High"",""is_blocked"":""True"",""assigned_to"":""Team A"",""description"":""Unit 110 stalled awaiting flooring completion"",""region_name"":""North Region"",""unit_number"":""110"",""actual_hours"":""4"",""created_date"":""2026-03-16"",""delay_reason"":""Subfloor repair discovered"",""stage_status"":""in_progress"",""days_in_stage"":""9"",""property_name"":""Stonewood Village"",""work_order_id"":""WO-010"",""completed_date"":"""",""scheduled_date"":""2026-03-18"",""bottleneck_flag"":""True"",""bottleneck_type"":""stage_congestion"",""estimated_hours"":""8"",""aggregation_scope"":""unit,property,regional""}","a09e88e2-c6e6-4475-8be8-d3c54ebc8ef6","""2026-04-07T02:14:06.846Z""","""2026-04-07T02:14:06.846Z""","Team A","Stress-test bottleneck cluster at flooring stage","North Region","Stonewood Village","110","TURN-010","""2026-03-18T00:00:00.000Z""","8","4","Flooring","in_progress","9","true","Subfloor repair discovered","Rochester Surface Pros","true","stage_congestion","unit,property,regional"
"36","WO-011","5",,,"521","Turn","Unit 111 stalled awaiting flooring completion","high","in_progress","""2026-03-15T00:00:00.000Z""",,,"24","missed","530.24","false","{""notes"":""Stress-test bottleneck cluster at flooring stage"",""stage"":""Flooring"",""status"":""In Progress"",""vendor"":""Rochester Surface Pros"",""turn_id"":""TURN-011"",""category"":""Turn"",""priority"":""High"",""is_blocked"":""True"",""assigned_to"":""Vendor Liaison"",""description"":""Unit 111 stalled awaiting flooring completion"",""region_name"":""North Region"",""unit_number"":""111"",""actual_hours"":""6"",""created_date"":""2026-03-15"",""delay_reason"":""Material backorder"",""stage_status"":""in_progress"",""days_in_stage"":""10"",""property_name"":""Stonewood Village"",""work_order_id"":""WO-011"",""completed_date"":"""",""scheduled_date"":""2026-03-17"",""bottleneck_flag"":""True"",""bottleneck_type"":""stage_congestion"",""estimated_hours"":""8"",""aggregation_scope"":""unit,property,regional""}","a09e88e2-c6e6-4475-8be8-d3c54ebc8ef6","""2026-04-07T02:14:06.859Z""","""2026-04-07T02:14:06.859Z""","Vendor Liaison","Stress-test bottleneck cluster at flooring stage","North Region","Stonewood Village","111","TURN-011","""2026-03-17T00:00:00.000Z""","8","6","Flooring","in_progress","10","true","Material backorder","Rochester Surface Pros","true","stage_congestion","unit,property,regional"
"37","WO-012","5","667",,"522","Turn","Unit 112 stalled awaiting flooring completion","critical","in_progress","""2026-03-14T00:00:00.000Z""",,,"24","missed","554.24","false","{""notes"":""Stress-test bottleneck cluster at flooring stage"",""stage"":""Flooring"",""status"":""In Progress"",""vendor"":""Precision Floors"",""turn_id"":""TURN-012"",""category"":""Turn"",""priority"":""Critical"",""is_blocked"":""True"",""assigned_to"":""Vendor Liaison"",""description"":""Unit 112 stalled awaiting flooring completion"",""region_name"":""North Region"",""unit_number"":""112"",""actual_hours"":""4"",""created_date"":""2026-03-14"",""delay_reason"":""Vendor scheduling delay"",""stage_status"":""in_progress"",""days_in_stage"":""12"",""property_name"":""Stonewood Village"",""work_order_id"":""WO-012"",""completed_date"":"""",""scheduled_date"":""2026-03-16"",""bottleneck_flag"":""True"",""bottleneck_type"":""stage_congestion"",""estimated_hours"":""8"",""aggregation_scope"":""unit,property,regional""}","a09e88e2-c6e6-4475-8be8-d3c54ebc8ef6","""2026-04-07T02:14:06.873Z""","""2026-04-07T02:14:06.873Z""","Vendor Liaison","Stress-test bottleneck cluster at flooring stage","North Region","Stonewood Village","112","TURN-012","""2026-03-16T00:00:00.000Z""","8","4","Flooring","in_progress","12","true","Vendor scheduling delay","Precision Floors","true","stage_congestion","unit,property,regional"
"38","WO-013","5","477",,"523","Turn","Routine turn progression for unit 113","high","completed","""2026-03-28T00:00:00.000Z""",,"""2026-04-04T00:00:00.000Z""","24","missed","218.24","false","{""notes"":""Baseline comparison row"",""stage"":""Trash Out"",""status"":""Completed"",""vendor"":""Internal Turn Crew"",""turn_id"":""TURN-013"",""category"":""Turn"",""priority"":""High"",""is_blocked"":""False"",""assigned_to"":""Tech Alex"",""description"":""Routine turn progression for unit 113"",""region_name"":""North Region"",""unit_number"":""113"",""actual_hours"":""1"",""created_date"":""2026-03-28"",""delay_reason"":"""",""stage_status"":""completed"",""days_in_stage"":""0"",""property_name"":""Stonewood Village"",""work_order_id"":""WO-013"",""completed_date"":""2026-04-04"",""scheduled_date"":""2026-04-03"",""bottleneck_flag"":""False"",""bottleneck_type"":""none"",""estimated_hours"":""6"",""aggregation_scope"":""unit,property,regional""}","a09e88e2-c6e6-4475-8be8-d3c54ebc8ef6","""2026-04-07T02:14:06.887Z""","""2026-04-07T02:14:06.887Z""","Tech Alex","Baseline comparison row","North Region","Stonewood Village","113","TURN-013","""2026-04-03T00:00:00.000Z""","6","1","Trash Out","completed","0","false",,"Internal Turn Crew","false","none","unit,property,regional"
"39","WO-014","5",,,"524","Appliance","Routine turn progression for unit 114","high","in_progress","""2026-04-03T00:00:00.000Z""",,,"24","missed","74.24","false","{""notes"":""Baseline comparison row"",""stage"":""Maintenance"",""status"":""In Progress"",""vendor"":""Internal Maintenance"",""turn_id"":""TURN-014"",""category"":""Appliance"",""priority"":""High"",""is_blocked"":""False"",""assigned_to"":""Tech Mike"",""description"":""Routine turn progression for unit 114"",""region_name"":""North Region"",""unit_number"":""114"",""actual_hours"":""4"",""created_date"":""2026-04-03"",""delay_reason"":"""",""stage_status"":""in_progress"",""days_in_stage"":""2"",""property_name"":""Stonewood Village"",""work_order_id"":""WO-014"",""completed_date"":"""",""scheduled_date"":""2026-03-30"",""bottleneck_flag"":""False"",""bottleneck_type"":""none"",""estimated_hours"":""6"",""aggregation_scope"":""unit,property,regional""}","a09e88e2-c6e6-4475-8be8-d3c54ebc8ef6","""2026-04-07T02:14:06.903Z""","""2026-04-07T02:14:06.903Z""","Tech Mike","Baseline comparison row","North Region","Stonewood Village","114","TURN-014","""2026-03-30T00:00:00.000Z""","6","4","Maintenance","in_progress","2","false",,"Internal Maintenance","false","none","unit,property,regional"
"40","WO-015","5","462",,"525","Turn","Routine turn progression for unit 115","high","completed","""2026-04-03T00:00:00.000Z""",,"""2026-04-03T00:00:00.000Z""","24","missed","74.24","false","{""notes"":""Baseline comparison row"",""stage"":""Paint"",""status"":""Completed"",""vendor"":""Fresh Coat Contractors"",""turn_id"":""TURN-015"",""category"":""Turn"",""priority"":""High"",""is_blocked"":""False"",""assigned_to"":""Tech Mike"",""description"":""Routine turn progression for unit 115"",""region_name"":""North Region"",""unit_number"":""115"",""actual_hours"":""6"",""created_date"":""2026-04-03"",""delay_reason"":"""",""stage_status"":""completed"",""days_in_stage"":""0"",""property_name"":""Stonewood Village"",""work_order_id"":""WO-015"",""completed_date"":""2026-04-03"",""scheduled_date"":""2026-04-03"",""bottleneck_flag"":""False"",""bottleneck_type"":""none"",""estimated_hours"":""5"",""aggregation_scope"":""unit,property,regional""}","a09e88e2-c6e6-4475-8be8-d3c54ebc8ef6","""2026-04-07T02:14:06.917Z""","""2026-04-07T02:14:06.917Z""","Tech Mike","Baseline comparison row","North Region","Stonewood Village","115","TURN-015","""2026-04-03T00:00:00.000Z""","5","6","Paint","completed","0","false",,"Fresh Coat Contractors","false","none","unit,property,regional"
"41","WO-016","5",,,"526","Turn","Routine turn progression for unit 116","high","completed","""2026-03-29T00:00:00.000Z""",,"""2026-04-02T00:00:00.000Z""","24","missed","194.24","false","{""notes"":""Baseline comparison row"",""stage"":""Paint"",""status"":""Completed"",""vendor"":""Fresh Coat Contractors"",""turn_id"":""TURN-016"",""category"":""Turn"",""priority"":""High"",""is_blocked"":""False"",""assigned_to"":""Tech Alex"",""description"":""Routine turn progression for unit 116"",""region_name"":""North Region"",""unit_number"":""116"",""actual_hours"":""1"",""created_date"":""2026-03-29"",""delay_reason"":"""",""stage_status"":""completed"",""days_in_stage"":""3"",""property_name"":""Stonewood Village"",""work_order_id"":""WO-016"",""completed_date"":""2026-04-02"",""scheduled_date"":""2026-03-31"",""bottleneck_flag"":""False"",""bottleneck_type"":""none"",""estimated_hours"":""4"",""aggregation_scope"":""unit,property,regional""}","a09e88e2-c6e6-4475-8be8-d3c54ebc8ef6","""2026-04-07T02:14:06.933Z""","""2026-04-07T02:14:06.933Z""","Tech Alex","Baseline comparison row","North Region","Stonewood Village","116","TURN-016","""2026-03-31T00:00:00.000Z""","4","1","Paint","completed","3","false",,"Fresh Coat Contractors","false","none","unit,property,regional"
"42","WO-017","5","517",,"527","Appliance","Routine turn progression for unit 117","medium","completed","""2026-03-31T00:00:00.000Z""",,"""2026-04-06T00:00:00.000Z""","24","missed","146.24","false","{""notes"":""Baseline comparison row"",""stage"":""Maintenance"",""status"":""Completed"",""vendor"":""Internal Maintenance"",""turn_id"":""TURN-017"",""category"":""Appliance"",""priority"":""Medium"",""is_blocked"":""False"",""assigned_to"":""Tech Sara"",""description"":""Routine turn progression for unit 117"",""region_name"":""North Region"",""unit_number"":""117"",""actual_hours"":""4"",""created_date"":""2026-03-31"",""delay_reason"":"""",""stage_status"":""completed"",""days_in_stage"":""3"",""property_name"":""Stonewood Village"",""work_order_id"":""WO-017"",""completed_date"":""2026-04-06"",""scheduled_date"":""2026-04-04"",""bottleneck_flag"":""False"",""bottleneck_type"":""none"",""estimated_hours"":""3"",""aggregation_scope"":""unit,property,regional""}","a09e88e2-c6e6-4475-8be8-d3c54ebc8ef6","""2026-04-07T02:14:06.949Z""","""2026-04-07T02:14:06.949Z""","Tech Sara","Baseline comparison row","North Region","Stonewood Village","117","TURN-017","""2026-04-04T00:00:00.000Z""","3","4","Maintenance","completed","3","false",,"Internal Maintenance","false","none","unit,property,regional"
"43","WO-018","5",,,"528","Appliance","Routine turn progression for unit 118","high","submitted","""2026-03-29T00:00:00.000Z""",,,"24","missed","194.24","false","{""notes"":""Baseline comparison row"",""stage"":""Trash Out"",""status"":""Open"",""vendor"":""Internal Turn Crew"",""turn_id"":""TURN-018"",""category"":""Appliance"",""priority"":""High"",""is_blocked"":""False"",""assigned_to"":""Tech Sara"",""description"":""Routine turn progression for unit 118"",""region_name"":""North Region"",""unit_number"":""118"",""actual_hours"":""2"",""created_date"":""2026-03-29"",""delay_reason"":"""",""stage_status"":""completed"",""days_in_stage"":""3"",""property_name"":""Stonewood Village"",""work_order_id"":""WO-018"",""completed_date"":"""",""scheduled_date"":""2026-03-30"",""bottleneck_flag"":""False"",""bottleneck_type"":""none"",""estimated_hours"":""6"",""aggregation_scope"":""unit,property,regional""}","a09e88e2-c6e6-4475-8be8-d3c54ebc8ef6","""2026-04-07T02:14:06.965Z""","""2026-04-07T02:14:06.965Z""","Tech Sara","Baseline comparison row","North Region","Stonewood Village","118","TURN-018","""2026-03-30T00:00:00.000Z""","6","2","Trash Out","completed","3","false",,"Internal Turn Crew","false","none","unit,property,regional"
"44","WO-019","5","814",,"529","General","Routine turn progression for unit 119","medium","submitted","""2026-04-01T00:00:00.000Z""",,,"24","missed","122.24","false","{""notes"":""Baseline comparison row"",""stage"":""Cleaning"",""status"":""Open"",""vendor"":""Internal Cleaning Crew"",""turn_id"":""TURN-019"",""category"":""General"",""priority"":""Medium"",""is_blocked"":""False"",""assigned_to"":""Tech Sara"",""description"":""Routine turn progression for unit 119"",""region_name"":""North Region"",""unit_number"":""119"",""actual_hours"":""0"",""created_date"":""2026-04-01"",""delay_reason"":"""",""stage_status"":""in_progress"",""days_in_stage"":""3"",""property_name"":""Stonewood Village"",""work_order_id"":""WO-019"",""completed_date"":"""",""scheduled_date"":""2026-03-31"",""bottleneck_flag"":""False"",""bottleneck_type"":""none"",""estimated_hours"":""3"",""aggregation_scope"":""unit,property,regional""}","a09e88e2-c6e6-4475-8be8-d3c54ebc8ef6","""2026-04-07T02:14:06.977Z""","""2026-04-07T02:14:06.977Z""","Tech Sara","Baseline comparison row","North Region","Stonewood Village","119","TURN-019","""2026-03-31T00:00:00.000Z""","3","0","Cleaning","in_progress","3","false",,"Internal Cleaning Crew","false","none","unit,property,regional"
"45","WO-020","5","130",,"530","General","Routine turn progression for unit 120","high","in_progress","""2026-03-30T00:00:00.000Z""",,,"24","missed","170.24","false","{""notes"":""Baseline comparison row"",""stage"":""Paint"",""status"":""In Progress"",""vendor"":""Fresh Coat Contractors"",""turn_id"":""TURN-020"",""category"":""General"",""priority"":""High"",""is_blocked"":""False"",""assigned_to"":""Team B"",""description"":""Routine turn progression for unit 120"",""region_name"":""North Region"",""unit_number"":""120"",""actual_hours"":""2"",""created_date"":""2026-03-30"",""delay_reason"":"""",""stage_status"":""in_progress"",""days_in_stage"":""1"",""property_name"":""Stonewood Village"",""work_order_id"":""WO-020"",""completed_date"":"""",""scheduled_date"":""2026-04-01"",""bottleneck_flag"":""False"",""bottleneck_type"":""none"",""estimated_hours"":""6"",""aggregation_scope"":""unit,property,regional""}","a09e88e2-c6e6-4475-8be8-d3c54ebc8ef6","""2026-04-07T02:14:06.990Z""","""2026-04-07T02:14:06.990Z""","Team B","Baseline comparison row","North Region","Stonewood Village","120","TURN-020","""2026-04-01T00:00:00.000Z""","6","2","Paint","in_progress","1","false",,"Fresh Coat Contractors","false","none","unit,property,regional"
"46","WO-021","8",,,"531","Plumbing","Plumbing repair backlog holding turn progress in unit 201","critical","in_progress","""2026-03-29T00:00:00.000Z""",,,"24","missed","194.24","false","{""notes"":""Stress-test maintenance bottleneck"",""stage"":""Maintenance"",""status"":""In Progress"",""vendor"":""Internal Maintenance"",""turn_id"":""TURN-021"",""category"":""Plumbing"",""priority"":""Critical"",""is_blocked"":""True"",""assigned_to"":""Tech Alex"",""description"":""Plumbing repair backlog holding turn progress in unit 201"",""region_name"":""North Region"",""unit_number"":""201"",""actual_hours"":""4"",""created_date"":""2026-03-29"",""delay_reason"":""Awaiting follow-up diagnosis"",""stage_status"":""in_progress"",""days_in_stage"":""8"",""property_name"":""Cedars of Chili"",""work_order_id"":""WO-021"",""completed_date"":"""",""scheduled_date"":""2026-03-30"",""bottleneck_flag"":""True"",""bottleneck_type"":""blocked_gate_stage"",""estimated_hours"":""7"",""aggregation_scope"":""unit,property,regional""}","a09e88e2-c6e6-4475-8be8-d3c54ebc8ef6","""2026-04-07T02:14:07.005Z""","""2026-04-07T02:14:07.005Z""","Tech Alex","Stress-test maintenance bottleneck","North Region","Cedars of Chili","201","TURN-021","""2026-03-30T00:00:00.000Z""","7","4","Maintenance","in_progress","8","true","Awaiting follow-up diagnosis","Internal Maintenance","true","blocked_gate_stage","unit,property,regional"
"47","WO-022","8",,,"532","Plumbing","Plumbing repair backlog holding turn progress in unit 202","critical","in_progress","""2026-03-28T00:00:00.000Z""",,,"24","missed","218.24","false","{""notes"":""Stress-test maintenance bottleneck"",""stage"":""Maintenance"",""status"":""In Progress"",""vendor"":""Internal Maintenance"",""turn_id"":""TURN-022"",""category"":""Plumbing"",""priority"":""Critical"",""is_blocked"":""True"",""assigned_to"":""Tech Mike"",""description"":""Plumbing repair backlog holding turn progress in unit 202"",""region_name"":""North Region"",""unit_number"":""202"",""actual_hours"":""4"",""created_date"":""2026-03-28"",""delay_reason"":""Staff shortage"",""stage_status"":""in_progress"",""days_in_stage"":""5"",""property_name"":""Cedars of Chili"",""work_order_id"":""WO-022"",""completed_date"":"""",""scheduled_date"":""2026-03-29"",""bottleneck_flag"":""True"",""bottleneck_type"":""blocked_gate_stage"",""estimated_hours"":""6"",""aggregation_scope"":""unit,property,regional""}","a09e88e2-c6e6-4475-8be8-d3c54ebc8ef6","""2026-04-07T02:14:07.016Z""","""2026-04-07T02:14:07.016Z""","Tech Mike","Stress-test maintenance bottleneck","North Region","Cedars of Chili","202","TURN-022","""2026-03-29T00:00:00.000Z""","6","4","Maintenance","in_progress","5","true","Staff shortage","Internal Maintenance","true","blocked_gate_stage","unit,property,regional"
"48","WO-023","8",,,"533","HVAC","HVAC repair backlog holding turn progress in unit 203","critical","in_progress","""2026-03-27T00:00:00.000Z""",,,"24","missed","242.24","false","{""notes"":""Stress-test maintenance bottleneck"",""stage"":""Maintenance"",""status"":""In Progress"",""vendor"":""Internal Maintenance"",""turn_id"":""TURN-023"",""category"":""HVAC"",""priority"":""Critical"",""is_blocked"":""True"",""assigned_to"":""Tech Mike"",""description"":""HVAC repair backlog holding turn progress in unit 203"",""region_name"":""North Region"",""unit_number"":""203"",""actual_hours"":""2"",""created_date"":""2026-03-27"",""delay_reason"":""Multiple repairs discovered"",""stage_status"":""in_progress"",""days_in_stage"":""5"",""property_name"":""Cedars of Chili"",""work_order_id"":""WO-023"",""completed_date"":"""",""scheduled_date"":""2026-03-28"",""bottleneck_flag"":""True"",""bottleneck_type"":""blocked_gate_stage"",""estimated_hours"":""6"",""aggregation_scope"":""unit,property,regional""}","a09e88e2-c6e6-4475-8be8-d3c54ebc8ef6","""2026-04-07T02:14:07.029Z""","""2026-04-07T02:14:07.029Z""","Tech Mike","Stress-test maintenance bottleneck","North Region","Cedars of Chili","203","TURN-023","""2026-03-28T00:00:00.000Z""","6","2","Maintenance","in_progress","5","true","Multiple repairs discovered","Internal Maintenance","true","blocked_gate_stage","unit,property,regional"
"49","WO-024","8",,,"534","HVAC","HVAC repair backlog holding turn progress in unit 204","critical","in_progress","""2026-03-26T00:00:00.000Z""",,,"24","missed","266.24","false","{""notes"":""Stress-test maintenance bottleneck"",""stage"":""Maintenance"",""status"":""In Progress"",""vendor"":""Internal Maintenance"",""turn_id"":""TURN-024"",""category"":""HVAC"",""priority"":""Critical"",""is_blocked"":""True"",""assigned_to"":""Tech Mike"",""description"":""HVAC repair backlog holding turn progress in unit 204"",""region_name"":""North Region"",""unit_number"":""204"",""actual_hours"":""2"",""created_date"":""2026-03-26"",""delay_reason"":""Parts unavailable"",""stage_status"":""in_progress"",""days_in_stage"":""9"",""property_name"":""Cedars of Chili"",""work_order_id"":""WO-024"",""completed_date"":"""",""scheduled_date"":""2026-03-27"",""bottleneck_flag"":""True"",""bottleneck_type"":""blocked_gate_stage"",""estimated_hours"":""3"",""aggregation_scope"":""unit,property,regional""}","a09e88e2-c6e6-4475-8be8-d3c54ebc8ef6","""2026-04-07T02:14:07.040Z""","""2026-04-07T02:14:07.040Z""","Tech Mike","Stress-test maintenance bottleneck","North Region","Cedars of Chili","204","TURN-024","""2026-03-27T00:00:00.000Z""","3","2","Maintenance","in_progress","9","true","Parts unavailable","Internal Maintenance","true","blocked_gate_stage","unit,property,regional"
"50","WO-025","8",,,"535","Electrical","Electrical repair backlog holding turn progress in unit 205","critical","in_progress","""2026-03-25T00:00:00.000Z""",,,"24","missed","290.24","false","{""notes"":""Stress-test maintenance bottleneck"",""stage"":""Maintenance"",""status"":""In Progress"",""vendor"":""Internal Maintenance"",""turn_id"":""TURN-025"",""category"":""Electrical"",""priority"":""Critical"",""is_blocked"":""True"",""assigned_to"":""Tech Alex"",""description"":""Electrical repair backlog holding turn progress in unit 205"",""region_name"":""North Region"",""unit_number"":""205"",""actual_hours"":""1"",""created_date"":""2026-03-25"",""delay_reason"":""Staff shortage"",""stage_status"":""in_progress"",""days_in_stage"":""11"",""property_name"":""Cedars of Chili"",""work_order_id"":""WO-025"",""completed_date"":"""",""scheduled_date"":""2026-03-26"",""bottleneck_flag"":""True"",""bottleneck_type"":""blocked_gate_stage"",""estimated_hours"":""3"",""aggregation_scope"":""unit,property,regional""}","a09e88e2-c6e6-4475-8be8-d3c54ebc8ef6","""2026-04-07T02:14:07.052Z""","""2026-04-07T02:14:07.052Z""","Tech Alex","Stress-test maintenance bottleneck","North Region","Cedars of Chili","205","TURN-025","""2026-03-26T00:00:00.000Z""","3","1","Maintenance","in_progress","11","true","Staff shortage","Internal Maintenance","true","blocked_gate_stage","unit,property,regional"
"51","WO-026","8",,,"536","Plumbing","Plumbing repair backlog holding turn progress in unit 206","high","in_progress","""2026-03-24T00:00:00.000Z""",,,"24","missed","314.24","false","{""notes"":""Stress-test maintenance bottleneck"",""stage"":""Maintenance"",""status"":""In Progress"",""vendor"":""Internal Maintenance"",""turn_id"":""TURN-026"",""category"":""Plumbing"",""priority"":""High"",""is_blocked"":""True"",""assigned_to"":""Tech Mike"",""description"":""Plumbing repair backlog holding turn progress in unit 206"",""region_name"":""North Region"",""unit_number"":""206"",""actual_hours"":""3"",""created_date"":""2026-03-24"",""delay_reason"":""Multiple repairs discovered"",""stage_status"":""in_progress"",""days_in_stage"":""7"",""property_name"":""Cedars of Chili"",""work_order_id"":""WO-026"",""completed_date"":"""",""scheduled_date"":""2026-03-25"",""bottleneck_flag"":""True"",""bottleneck_type"":""blocked_gate_stage"",""estimated_hours"":""8"",""aggregation_scope"":""unit,property,regional""}","a09e88e2-c6e6-4475-8be8-d3c54ebc8ef6","""2026-04-07T02:14:07.062Z""","""2026-04-07T02:14:07.062Z""","Tech Mike","Stress-test maintenance bottleneck","North Region","Cedars of Chili","206","TURN-026","""2026-03-25T00:00:00.000Z""","8","3","Maintenance","in_progress","7","true","Multiple repairs discovered","Internal Maintenance","true","blocked_gate_stage","unit,property,regional"
"52","WO-027","8",,,"537","Plumbing","Plumbing repair backlog holding turn progress in unit 207","high","in_progress","""2026-03-23T00:00:00.000Z""",,,"24","missed","338.24","false","{""notes"":""Stress-test maintenance bottleneck"",""stage"":""Maintenance"",""status"":""In Progress"",""vendor"":""Internal Maintenance"",""turn_id"":""TURN-027"",""category"":""Plumbing"",""priority"":""High"",""is_blocked"":""True"",""assigned_to"":""Tech Mike"",""description"":""Plumbing repair backlog holding turn progress in unit 207"",""region_name"":""North Region"",""unit_number"":""207"",""actual_hours"":""4"",""created_date"":""2026-03-23"",""delay_reason"":""Awaiting follow-up diagnosis"",""stage_status"":""in_progress"",""days_in_stage"":""8"",""property_name"":""Cedars of Chili"",""work_order_id"":""WO-027"",""completed_date"":"""",""scheduled_date"":""2026-03-24"",""bottleneck_flag"":""True"",""bottleneck_type"":""blocked_gate_stage"",""estimated_hours"":""3"",""aggregation_scope"":""unit,property,regional""}","a09e88e2-c6e6-4475-8be8-d3c54ebc8ef6","""2026-04-07T02:14:07.073Z""","""2026-04-07T02:14:07.073Z""","Tech Mike","Stress-test maintenance bottleneck","North Region","Cedars of Chili","207","TURN-027","""2026-03-24T00:00:00.000Z""","3","4","Maintenance","in_progress","8","true","Awaiting follow-up diagnosis","Internal Maintenance","true","blocked_gate_stage","unit,property,regional"
"53","WO-028","8",,,"538","Plumbing","Plumbing repair backlog holding turn progress in unit 208","high","in_progress","""2026-03-22T00:00:00.000Z""",,,"24","missed","362.24","false","{""notes"":""Stress-test maintenance bottleneck"",""stage"":""Maintenance"",""status"":""In Progress"",""vendor"":""Internal Maintenance"",""turn_id"":""TURN-028"",""category"":""Plumbing"",""priority"":""High"",""is_blocked"":""True"",""assigned_to"":""Tech Sara"",""description"":""Plumbing repair backlog holding turn progress in unit 208"",""region_name"":""North Region"",""unit_number"":""208"",""actual_hours"":""2"",""created_date"":""2026-03-22"",""delay_reason"":""Multiple repairs discovered"",""stage_status"":""in_progress"",""days_in_stage"":""5"",""property_name"":""Cedars of Chili"",""work_order_id"":""WO-028"",""completed_date"":"""",""scheduled_date"":""2026-03-23"",""bottleneck_flag"":""True"",""bottleneck_type"":""blocked_gate_stage"",""estimated_hours"":""3"",""aggregation_scope"":""unit,property,regional""}","a09e88e2-c6e6-4475-8be8-d3c54ebc8ef6","""2026-04-07T02:14:07.085Z""","""2026-04-07T02:14:07.085Z""","Tech Sara","Stress-test maintenance bottleneck","North Region","Cedars of Chili","208","TURN-028","""2026-03-23T00:00:00.000Z""","3","2","Maintenance","in_progress","5","true","Multiple repairs discovered","Internal Maintenance","true","blocked_gate_stage","unit,property,regional"
"54","WO-029","8",,,"539","Electrical","Electrical repair backlog holding turn progress in unit 209","high","in_progress","""2026-03-21T00:00:00.000Z""",,,"24","missed","386.24","false","{""notes"":""Stress-test maintenance bottleneck"",""stage"":""Maintenance"",""status"":""In Progress"",""vendor"":""Internal Maintenance"",""turn_id"":""TURN-029"",""category"":""Electrical"",""priority"":""High"",""is_blocked"":""True"",""assigned_to"":""Tech Sara"",""description"":""Electrical repair backlog holding turn progress in unit 209"",""region_name"":""North Region"",""unit_number"":""209"",""actual_hours"":""2"",""created_date"":""2026-03-21"",""delay_reason"":""Parts unavailable"",""stage_status"":""in_progress"",""days_in_stage"":""9"",""property_name"":""Cedars of Chili"",""work_order_id"":""WO-029"",""completed_date"":"""",""scheduled_date"":""2026-03-22"",""bottleneck_flag"":""True"",""bottleneck_type"":""blocked_gate_stage"",""estimated_hours"":""8"",""aggregation_scope"":""unit,property,regional""}","a09e88e2-c6e6-4475-8be8-d3c54ebc8ef6","""2026-04-07T02:14:07.095Z""","""2026-04-07T02:14:07.095Z""","Tech Sara","Stress-test maintenance bottleneck","North Region","Cedars of Chili","209","TURN-029","""2026-03-22T00:00:00.000Z""","8","2","Maintenance","in_progress","9","true","Parts unavailable","Internal Maintenance","true","blocked_gate_stage","unit,property,regional"
"55","WO-030","8",,,"540","Appliance","Appliance repair backlog holding turn progress in unit 210","high","in_progress","""2026-03-20T00:00:00.000Z""",,,"24","missed","410.24","false","{""notes"":""Stress-test maintenance bottleneck"",""stage"":""Maintenance"",""status"":""In Progress"",""vendor"":""Internal Maintenance"",""turn_id"":""TURN-030"",""category"":""Appliance"",""priority"":""High"",""is_blocked"":""True"",""assigned_to"":""Tech Alex"",""description"":""Appliance repair backlog holding turn progress in unit 210"",""region_name"":""North Region"",""unit_number"":""210"",""actual_hours"":""2"",""created_date"":""2026-03-20"",""delay_reason"":""Parts unavailable"",""stage_status"":""in_progress"",""days_in_stage"":""10"",""property_name"":""Cedars of Chili"",""work_order_id"":""WO-030"",""completed_date"":"""",""scheduled_date"":""2026-03-21"",""bottleneck_flag"":""True"",""bottleneck_type"":""blocked_gate_stage"",""estimated_hours"":""5"",""aggregation_scope"":""unit,property,regional""}","a09e88e2-c6e6-4475-8be8-d3c54ebc8ef6","""2026-04-07T02:14:07.106Z""","""2026-04-07T02:14:07.106Z""","Tech Alex","Stress-test maintenance bottleneck","North Region","Cedars of Chili","210","TURN-030","""2026-03-21T00:00:00.000Z""","5","2","Maintenance","in_progress","10","true","Parts unavailable","Internal Maintenance","true","blocked_gate_stage","unit,property,regional"
"56","WO-031","8",,,"541","Electrical","Electrical repair backlog holding turn progress in unit 211","high","in_progress","""2026-03-19T00:00:00.000Z""",,,"24","missed","434.24","false","{""notes"":""Stress-test maintenance bottleneck"",""stage"":""Maintenance"",""status"":""In Progress"",""vendor"":""Internal Maintenance"",""turn_id"":""TURN-031"",""category"":""Electrical"",""priority"":""High"",""is_blocked"":""True"",""assigned_to"":""Tech Alex"",""description"":""Electrical repair backlog holding turn progress in unit 211"",""region_name"":""North Region"",""unit_number"":""211"",""actual_hours"":""3"",""created_date"":""2026-03-19"",""delay_reason"":""Multiple repairs discovered"",""stage_status"":""in_progress"",""days_in_stage"":""9"",""property_name"":""Cedars of Chili"",""work_order_id"":""WO-031"",""completed_date"":"""",""scheduled_date"":""2026-03-20"",""bottleneck_flag"":""True"",""bottleneck_type"":""blocked_gate_stage"",""estimated_hours"":""3"",""aggregation_scope"":""unit,property,regional""}","a09e88e2-c6e6-4475-8be8-d3c54ebc8ef6","""2026-04-07T02:14:07.117Z""","""2026-04-07T02:14:07.117Z""","Tech Alex","Stress-test maintenance bottleneck","North Region","Cedars of Chili","211","TURN-031","""2026-03-20T00:00:00.000Z""","3","3","Maintenance","in_progress","9","true","Multiple repairs discovered","Internal Maintenance","true","blocked_gate_stage","unit,property,regional"
"57","WO-032","8",,,"542","Appliance","Appliance repair backlog holding turn progress in unit 212","high","in_progress","""2026-03-18T00:00:00.000Z""",,,"24","missed","458.24","false","{""notes"":""Stress-test maintenance bottleneck"",""stage"":""Maintenance"",""status"":""In Progress"",""vendor"":""Internal Maintenance"",""turn_id"":""TURN-032"",""category"":""Appliance"",""priority"":""High"",""is_blocked"":""True"",""assigned_to"":""Tech Sara"",""description"":""Appliance repair backlog holding turn progress in unit 212"",""region_name"":""North Region"",""unit_number"":""212"",""actual_hours"":""3"",""created_date"":""2026-03-18"",""delay_reason"":""Staff shortage"",""stage_status"":""in_progress"",""days_in_stage"":""10"",""property_name"":""Cedars of Chili"",""work_order_id"":""WO-032"",""completed_date"":"""",""scheduled_date"":""2026-03-19"",""bottleneck_flag"":""True"",""bottleneck_type"":""blocked_gate_stage"",""estimated_hours"":""4"",""aggregation_scope"":""unit,property,regional""}","a09e88e2-c6e6-4475-8be8-d3c54ebc8ef6","""2026-04-07T02:14:07.127Z""","""2026-04-07T02:14:07.127Z""","Tech Sara","Stress-test maintenance bottleneck","North Region","Cedars of Chili","212","TURN-032","""2026-03-19T00:00:00.000Z""","4","3","Maintenance","in_progress","10","true","Staff shortage","Internal Maintenance","true","blocked_gate_stage","unit,property,regional"
"58","WO-033","8",,,"543","Appliance","Appliance repair backlog holding turn progress in unit 213","high","in_progress","""2026-03-17T00:00:00.000Z""",,,"24","missed","482.24","false","{""notes"":""Stress-test maintenance bottleneck"",""stage"":""Maintenance"",""status"":""In Progress"",""vendor"":""Internal Maintenance"",""turn_id"":""TURN-033"",""category"":""Appliance"",""priority"":""High"",""is_blocked"":""True"",""assigned_to"":""Tech Mike"",""description"":""Appliance repair backlog holding turn progress in unit 213"",""region_name"":""North Region"",""unit_number"":""213"",""actual_hours"":""2"",""created_date"":""2026-03-17"",""delay_reason"":""Awaiting follow-up diagnosis"",""stage_status"":""in_progress"",""days_in_stage"":""6"",""property_name"":""Cedars of Chili"",""work_order_id"":""WO-033"",""completed_date"":"""",""scheduled_date"":""2026-03-18"",""bottleneck_flag"":""True"",""bottleneck_type"":""blocked_gate_stage"",""estimated_hours"":""6"",""aggregation_scope"":""unit,property,regional""}","a09e88e2-c6e6-4475-8be8-d3c54ebc8ef6","""2026-04-07T02:14:07.139Z""","""2026-04-07T02:14:07.139Z""","Tech Mike","Stress-test maintenance bottleneck","North Region","Cedars of Chili","213","TURN-033","""2026-03-18T00:00:00.000Z""","6","2","Maintenance","in_progress","6","true","Awaiting follow-up diagnosis","Internal Maintenance","true","blocked_gate_stage","unit,property,regional"
"59","WO-034","8",,,"544","Electrical","Electrical repair backlog holding turn progress in unit 214","high","in_progress","""2026-03-16T00:00:00.000Z""",,,"24","missed","506.24","false","{""notes"":""Stress-test maintenance bottleneck"",""stage"":""Maintenance"",""status"":""In Progress"",""vendor"":""Internal Maintenance"",""turn_id"":""TURN-034"",""category"":""Electrical"",""priority"":""High"",""is_blocked"":""True"",""assigned_to"":""Tech Alex"",""description"":""Electrical repair backlog holding turn progress in unit 214"",""region_name"":""North Region"",""unit_number"":""214"",""actual_hours"":""1"",""created_date"":""2026-03-16"",""delay_reason"":""Multiple repairs discovered"",""stage_status"":""in_progress"",""days_in_stage"":""11"",""property_name"":""Cedars of Chili"",""work_order_id"":""WO-034"",""completed_date"":"""",""scheduled_date"":""2026-03-17"",""bottleneck_flag"":""True"",""bottleneck_type"":""blocked_gate_stage"",""estimated_hours"":""3"",""aggregation_scope"":""unit,property,regional""}","a09e88e2-c6e6-4475-8be8-d3c54ebc8ef6","""2026-04-07T02:14:07.149Z""","""2026-04-07T02:14:07.149Z""","Tech Alex","Stress-test maintenance bottleneck","North Region","Cedars of Chili","214","TURN-034","""2026-03-17T00:00:00.000Z""","3","1","Maintenance","in_progress","11","true","Multiple repairs discovered","Internal Maintenance","true","blocked_gate_stage","unit,property,regional"
"60","WO-035","8",,,"545","Turn","Standard make-ready activity for unit 215","high","in_progress","""2026-03-31T00:00:00.000Z""",,,"24","missed","146.24","false","{""notes"":""Normal flow comparison row"",""stage"":""Cleaning"",""status"":""In Progress"",""vendor"":""Internal Cleaning Crew"",""turn_id"":""TURN-035"",""category"":""Turn"",""priority"":""High"",""is_blocked"":""False"",""assigned_to"":""Team A"",""description"":""Standard make-ready activity for unit 215"",""region_name"":""North Region"",""unit_number"":""215"",""actual_hours"":""1"",""created_date"":""2026-03-31"",""delay_reason"":"""",""stage_status"":""in_progress"",""days_in_stage"":""0"",""property_name"":""Cedars of Chili"",""work_order_id"":""WO-035"",""completed_date"":"""",""scheduled_date"":""2026-04-01"",""bottleneck_flag"":""False"",""bottleneck_type"":""none"",""estimated_hours"":""2"",""aggregation_scope"":""unit,property,regional""}","a09e88e2-c6e6-4475-8be8-d3c54ebc8ef6","""2026-04-07T02:14:07.161Z""","""2026-04-07T02:14:07.161Z""","Team A","Normal flow comparison row","North Region","Cedars of Chili","215","TURN-035","""2026-04-01T00:00:00.000Z""","2","1","Cleaning","in_progress","0","false",,"Internal Cleaning Crew","false","none","unit,property,regional"
"61","WO-036","8",,,"546","General","Standard make-ready activity for unit 216","medium","submitted","""2026-04-05T00:00:00.000Z""",,,"24","missed","26.24","false","{""notes"":""Normal flow comparison row"",""stage"":""Cleaning"",""status"":""Open"",""vendor"":""Internal Cleaning Crew"",""turn_id"":""TURN-036"",""category"":""General"",""priority"":""Medium"",""is_blocked"":""False"",""assigned_to"":""Team A"",""description"":""Standard make-ready activity for unit 216"",""region_name"":""North Region"",""unit_number"":""216"",""actual_hours"":""2"",""created_date"":""2026-04-05"",""delay_reason"":"""",""stage_status"":""in_progress"",""days_in_stage"":""0"",""property_name"":""Cedars of Chili"",""work_order_id"":""WO-036"",""completed_date"":"""",""scheduled_date"":""2026-03-30"",""bottleneck_flag"":""False"",""bottleneck_type"":""none"",""estimated_hours"":""7"",""aggregation_scope"":""unit,property,regional""}","a09e88e2-c6e6-4475-8be8-d3c54ebc8ef6","""2026-04-07T02:14:07.172Z""","""2026-04-07T02:14:07.172Z""","Team A","Normal flow comparison row","North Region","Cedars of Chili","216","TURN-036","""2026-03-30T00:00:00.000Z""","7","2","Cleaning","in_progress","0","false",,"Internal Cleaning Crew","false","none","unit,property,regional"
"62","WO-037","8",,,"547","General","Standard make-ready activity for unit 217","medium","completed","""2026-03-31T00:00:00.000Z""",,"""2026-04-05T00:00:00.000Z""","24","missed","146.24","false","{""notes"":""Normal flow comparison row"",""stage"":""Cleaning"",""status"":""Completed"",""vendor"":""Internal Cleaning Crew"",""turn_id"":""TURN-037"",""category"":""General"",""priority"":""Medium"",""is_blocked"":""False"",""assigned_to"":""Team A"",""description"":""Standard make-ready activity for unit 217"",""region_name"":""North Region"",""unit_number"":""217"",""actual_hours"":""4"",""created_date"":""2026-03-31"",""delay_reason"":"""",""stage_status"":""completed"",""days_in_stage"":""3"",""property_name"":""Cedars of Chili"",""work_order_id"":""WO-037"",""completed_date"":""2026-04-05"",""scheduled_date"":""2026-04-05"",""bottleneck_flag"":""False"",""bottleneck_type"":""none"",""estimated_hours"":""7"",""aggregation_scope"":""unit,property,regional""}","a09e88e2-c6e6-4475-8be8-d3c54ebc8ef6","""2026-04-07T02:14:07.183Z""","""2026-04-07T02:14:07.183Z""","Team A","Normal flow comparison row","North Region","Cedars of Chili","217","TURN-037","""2026-04-05T00:00:00.000Z""","7","4","Cleaning","completed","3","false",,"Internal Cleaning Crew","false","none","unit,property,regional"
"63","WO-038","8",,,"548","Turn","Standard make-ready activity for unit 218","medium","completed","""2026-04-03T00:00:00.000Z""",,"""2026-04-05T00:00:00.000Z""","24","missed","74.24","false","{""notes"":""Normal flow comparison row"",""stage"":""Trash Out"",""status"":""Completed"",""vendor"":""Internal Turn Crew"",""turn_id"":""TURN-038"",""category"":""Turn"",""priority"":""Medium"",""is_blocked"":""False"",""assigned_to"":""Tech Mike"",""description"":""Standard make-ready activity for unit 218"",""region_name"":""North Region"",""unit_number"":""218"",""actual_hours"":""2"",""created_date"":""2026-04-03"",""delay_reason"":"""",""stage_status"":""completed"",""days_in_stage"":""3"",""property_name"":""Cedars of Chili"",""work_order_id"":""WO-038"",""completed_date"":""2026-04-05"",""scheduled_date"":""2026-03-30"",""bottleneck_flag"":""False"",""bottleneck_type"":""none"",""estimated_hours"":""7"",""aggregation_scope"":""unit,property,regional""}","a09e88e2-c6e6-4475-8be8-d3c54ebc8ef6","""2026-04-07T02:14:07.196Z""","""2026-04-07T02:14:07.196Z""","Tech Mike","Normal flow comparison row","North Region","Cedars of Chili","218","TURN-038","""2026-03-30T00:00:00.000Z""","7","2","Trash Out","completed","3","false",,"Internal Turn Crew","false","none","unit,property,regional"
"64","WO-039","8",,,"549","Turn","Standard make-ready activity for unit 219","medium","completed","""2026-04-04T00:00:00.000Z""",,"""2026-04-02T00:00:00.000Z""","24","missed","50.24","false","{""notes"":""Normal flow comparison row"",""stage"":""Paint Prep"",""status"":""Completed"",""vendor"":""Internal Maintenance"",""turn_id"":""TURN-039"",""category"":""Turn"",""priority"":""Medium"",""is_blocked"":""False"",""assigned_to"":""Tech Mike"",""description"":""Standard make-ready activity for unit 219"",""region_name"":""North Region"",""unit_number"":""219"",""actual_hours"":""7"",""created_date"":""2026-04-04"",""delay_reason"":"""",""stage_status"":""completed"",""days_in_stage"":""1"",""property_name"":""Cedars of Chili"",""work_order_id"":""WO-039"",""completed_date"":""2026-04-02"",""scheduled_date"":""2026-04-04"",""bottleneck_flag"":""False"",""bottleneck_type"":""none"",""estimated_hours"":""5"",""aggregation_scope"":""unit,property,regional""}","a09e88e2-c6e6-4475-8be8-d3c54ebc8ef6","""2026-04-07T02:14:07.209Z""","""2026-04-07T02:14:07.209Z""","Tech Mike","Normal flow comparison row","North Region","Cedars of Chili","219","TURN-039","""2026-04-04T00:00:00.000Z""","5","7","Paint Prep","completed","1","false",,"Internal Maintenance","false","none","unit,property,regional"
"65","WO-040","8",,,"550","Turn","Standard make-ready activity for unit 220","high","in_progress","""2026-04-02T00:00:00.000Z""",,,"24","missed","98.24","false","{""notes"":""Normal flow comparison row"",""stage"":""Trash Out"",""status"":""In Progress"",""vendor"":""Internal Turn Crew"",""turn_id"":""TURN-040"",""category"":""Turn"",""priority"":""High"",""is_blocked"":""False"",""assigned_to"":""Team B"",""description"":""Standard make-ready activity for unit 220"",""region_name"":""North Region"",""unit_number"":""220"",""actual_hours"":""4"",""created_date"":""2026-04-02"",""delay_reason"":"""",""stage_status"":""in_progress"",""days_in_stage"":""3"",""property_name"":""Cedars of Chili"",""work_order_id"":""WO-040"",""completed_date"":"""",""scheduled_date"":""2026-04-01"",""bottleneck_flag"":""False"",""bottleneck_type"":""none"",""estimated_hours"":""4"",""aggregation_scope"":""unit,property,regional""}","a09e88e2-c6e6-4475-8be8-d3c54ebc8ef6","""2026-04-07T02:14:07.224Z""","""2026-04-07T02:14:07.224Z""","Team B","Normal flow comparison row","North Region","Cedars of Chili","220","TURN-040","""2026-04-01T00:00:00.000Z""","4","4","Trash Out","in_progress","3","false",,"Internal Turn Crew","false","none","unit,property,regional"
"66","WO-041","8",,,"551","General","Standard make-ready activity for unit 221","high","completed","""2026-04-03T00:00:00.000Z""",,"""2026-04-04T00:00:00.000Z""","24","missed","74.24","false","{""notes"":""Normal flow comparison row"",""stage"":""Trash Out"",""status"":""Completed"",""vendor"":""Internal Turn Crew"",""turn_id"":""TURN-041"",""category"":""General"",""priority"":""High"",""is_blocked"":""False"",""assigned_to"":""Team B"",""description"":""Standard make-ready activity for unit 221"",""region_name"":""North Region"",""unit_number"":""221"",""actual_hours"":""5"",""created_date"":""2026-04-03"",""delay_reason"":"""",""stage_status"":""completed"",""days_in_stage"":""0"",""property_name"":""Cedars of Chili"",""work_order_id"":""WO-041"",""completed_date"":""2026-04-04"",""scheduled_date"":""2026-04-04"",""bottleneck_flag"":""False"",""bottleneck_type"":""none"",""estimated_hours"":""6"",""aggregation_scope"":""unit,property,regional""}","a09e88e2-c6e6-4475-8be8-d3c54ebc8ef6","""2026-04-07T02:14:07.234Z""","""2026-04-07T02:14:07.234Z""","Team B","Normal flow comparison row","North Region","Cedars of Chili","221","TURN-041","""2026-04-04T00:00:00.000Z""","6","5","Trash Out","completed","0","false",,"Internal Turn Crew","false","none","unit,property,regional"
"67","WO-042","8",,,"552","Turn","Standard make-ready activity for unit 222","medium","completed","""2026-03-29T00:00:00.000Z""",,"""2026-04-06T00:00:00.000Z""","24","missed","194.24","false","{""notes"":""Normal flow comparison row"",""stage"":""Paint Prep"",""status"":""Completed"",""vendor"":""Internal Maintenance"",""turn_id"":""TURN-042"",""category"":""Turn"",""priority"":""Medium"",""is_blocked"":""False"",""assigned_to"":""Tech Sara"",""description"":""Standard make-ready activity for unit 222"",""region_name"":""North Region"",""unit_number"":""222"",""actual_hours"":""1"",""created_date"":""2026-03-29"",""delay_reason"":"""",""stage_status"":""completed"",""days_in_stage"":""2"",""property_name"":""Cedars of Chili"",""work_order_id"":""WO-042"",""completed_date"":""2026-04-06"",""scheduled_date"":""2026-04-05"",""bottleneck_flag"":""False"",""bottleneck_type"":""none"",""estimated_hours"":""6"",""aggregation_scope"":""unit,property,regional""}","a09e88e2-c6e6-4475-8be8-d3c54ebc8ef6","""2026-04-07T02:14:07.249Z""","""2026-04-07T02:14:07.249Z""","Tech Sara","Normal flow comparison row","North Region","Cedars of Chili","222","TURN-042","""2026-04-05T00:00:00.000Z""","6","1","Paint Prep","completed","2","false",,"Internal Maintenance","false","none","unit,property,regional"
"68","WO-043","8",,,"553","Turn","Standard make-ready activity for unit 223","medium","completed","""2026-04-05T00:00:00.000Z""",,"""2026-04-06T00:00:00.000Z""","24","missed","26.24","false","{""notes"":""Normal flow comparison row"",""stage"":""Trash Out"",""status"":""Completed"",""vendor"":""Internal Turn Crew"",""turn_id"":""TURN-043"",""category"":""Turn"",""priority"":""Medium"",""is_blocked"":""False"",""assigned_to"":""Tech Alex"",""description"":""Standard make-ready activity for unit 223"",""region_name"":""North Region"",""unit_number"":""223"",""actual_hours"":""4"",""created_date"":""2026-04-05"",""delay_reason"":"""",""stage_status"":""completed"",""days_in_stage"":""0"",""property_name"":""Cedars of Chili"",""work_order_id"":""WO-043"",""completed_date"":""2026-04-06"",""scheduled_date"":""2026-04-05"",""bottleneck_flag"":""False"",""bottleneck_type"":""none"",""estimated_hours"":""6"",""aggregation_scope"":""unit,property,regional""}","a09e88e2-c6e6-4475-8be8-d3c54ebc8ef6","""2026-04-07T02:14:07.263Z""","""2026-04-07T02:14:07.263Z""","Tech Alex","Normal flow comparison row","North Region","Cedars of Chili","223","TURN-043","""2026-04-05T00:00:00.000Z""","6","4","Trash Out","completed","0","false",,"Internal Turn Crew","false","none","unit,property,regional"
"69","WO-044","8",,,"554","Turn","Standard make-ready activity for unit 224","high","in_progress","""2026-03-29T00:00:00.000Z""",,,"24","missed","194.24","false","{""notes"":""Normal flow comparison row"",""stage"":""Cleaning"",""status"":""In Progress"",""vendor"":""Internal Cleaning Crew"",""turn_id"":""TURN-044"",""category"":""Turn"",""priority"":""High"",""is_blocked"":""False"",""assigned_to"":""Team A"",""description"":""Standard make-ready activity for unit 224"",""region_name"":""North Region"",""unit_number"":""224"",""actual_hours"":""4"",""created_date"":""2026-03-29"",""delay_reason"":"""",""stage_status"":""in_progress"",""days_in_stage"":""2"",""property_name"":""Cedars of Chili"",""work_order_id"":""WO-044"",""completed_date"":"""",""scheduled_date"":""2026-04-03"",""bottleneck_flag"":""False"",""bottleneck_type"":""none"",""estimated_hours"":""7"",""aggregation_scope"":""unit,property,regional""}","a09e88e2-c6e6-4475-8be8-d3c54ebc8ef6","""2026-04-07T02:14:07.276Z""","""2026-04-07T02:14:07.276Z""","Team A","Normal flow comparison row","North Region","Cedars of Chili","224","TURN-044","""2026-04-03T00:00:00.000Z""","7","4","Cleaning","in_progress","2","false",,"Internal Cleaning Crew","false","none","unit,property,regional"
"70","WO-045","6",,,"555","Turn","Inspection failure triggered rework in unit 301","high","in_progress","""2026-03-30T00:00:00.000Z""",,,"24","missed","170.24","false","{""notes"":""Stress-test inspection/rework logic"",""stage"":""Inspection"",""status"":""In Progress"",""vendor"":""Internal Maintenance"",""turn_id"":""TURN-045"",""category"":""Turn"",""priority"":""High"",""is_blocked"":""True"",""assigned_to"":""Team B"",""description"":""Inspection failure triggered rework in unit 301"",""region_name"":""East Region"",""unit_number"":""301"",""actual_hours"":""2"",""created_date"":""2026-03-30"",""delay_reason"":""Inspection failed - paint touch-up needed"",""stage_status"":""in_progress"",""days_in_stage"":""7"",""property_name"":""Maple Ridge Apartments"",""work_order_id"":""WO-045"",""completed_date"":"""",""scheduled_date"":""2026-03-31"",""bottleneck_flag"":""True"",""bottleneck_type"":""rework_loop"",""estimated_hours"":""3"",""aggregation_scope"":""unit,property,regional""}","a09e88e2-c6e6-4475-8be8-d3c54ebc8ef6","""2026-04-07T02:14:07.288Z""","""2026-04-07T02:14:07.288Z""","Team B","Stress-test inspection/rework logic","East Region","Maple Ridge Apartments","301","TURN-045","""2026-03-31T00:00:00.000Z""","3","2","Inspection","in_progress","7","true","Inspection failed - paint touch-up needed","Internal Maintenance","true","rework_loop","unit,property,regional"
"71","WO-046","6",,,"556","Turn","Inspection failure triggered rework in unit 302","high","in_progress","""2026-03-29T00:00:00.000Z""",,,"24","missed","194.24","false","{""notes"":""Stress-test inspection/rework logic"",""stage"":""Inspection"",""status"":""In Progress"",""vendor"":""Internal Maintenance"",""turn_id"":""TURN-046"",""category"":""Turn"",""priority"":""High"",""is_blocked"":""True"",""assigned_to"":""Property Supervisor"",""description"":""Inspection failure triggered rework in unit 302"",""region_name"":""East Region"",""unit_number"":""302"",""actual_hours"":""2"",""created_date"":""2026-03-29"",""delay_reason"":""Inspection failed - maintenance punch list incomplete"",""stage_status"":""in_progress"",""days_in_stage"":""5"",""property_name"":""Maple Ridge Apartments"",""work_order_id"":""WO-046"",""completed_date"":"""",""scheduled_date"":""2026-03-30"",""bottleneck_flag"":""True"",""bottleneck_type"":""rework_loop"",""estimated_hours"":""3"",""aggregation_scope"":""unit,property,regional""}","a09e88e2-c6e6-4475-8be8-d3c54ebc8ef6","""2026-04-07T02:14:07.299Z""","""2026-04-07T02:14:07.299Z""","Property Supervisor","Stress-test inspection/rework logic","East Region","Maple Ridge Apartments","302","TURN-046","""2026-03-30T00:00:00.000Z""","3","2","Inspection","in_progress","5","true","Inspection failed - maintenance punch list incomplete","Internal Maintenance","true","rework_loop","unit,property,regional"
"72","WO-047","6",,,"557","Turn","Inspection failure triggered rework in unit 303","high","in_progress","""2026-03-28T00:00:00.000Z""",,,"24","missed","218.24","false","{""notes"":""Stress-test inspection/rework logic"",""stage"":""Rework"",""status"":""In Progress"",""vendor"":""Property Supervisor"",""turn_id"":""TURN-047"",""category"":""Turn"",""priority"":""High"",""is_blocked"":""True"",""assigned_to"":""Property Supervisor"",""description"":""Inspection failure triggered rework in unit 303"",""region_name"":""East Region"",""unit_number"":""303"",""actual_hours"":""3"",""created_date"":""2026-03-28"",""delay_reason"":""Inspection failed - paint touch-up needed"",""stage_status"":""in_progress"",""days_in_stage"":""5"",""property_name"":""Maple Ridge Apartments"",""work_order_id"":""WO-047"",""completed_date"":"""",""scheduled_date"":""2026-03-29"",""bottleneck_flag"":""True"",""bottleneck_type"":""rework_loop"",""estimated_hours"":""3"",""aggregation_scope"":""unit,property,regional""}","a09e88e2-c6e6-4475-8be8-d3c54ebc8ef6","""2026-04-07T02:14:07.310Z""","""2026-04-07T02:14:07.310Z""","Property Supervisor","Stress-test inspection/rework logic","East Region","Maple Ridge Apartments","303","TURN-047","""2026-03-29T00:00:00.000Z""","3","3","Rework","in_progress","5","true","Inspection failed - paint touch-up needed","Property Supervisor","true","rework_loop","unit,property,regional"
"73","WO-048","6",,,"558","Turn","Inspection failure triggered rework in unit 304","high","in_progress","""2026-03-27T00:00:00.000Z""",,,"24","missed","242.24","false","{""notes"":""Stress-test inspection/rework logic"",""stage"":""Inspection"",""status"":""In Progress"",""vendor"":""Property Supervisor"",""turn_id"":""TURN-048"",""category"":""Turn"",""priority"":""High"",""is_blocked"":""True"",""assigned_to"":""Team B"",""description"":""Inspection failure triggered rework in unit 304"",""region_name"":""East Region"",""unit_number"":""304"",""actual_hours"":""3"",""created_date"":""2026-03-27"",""delay_reason"":""Inspection failed - paint touch-up needed"",""stage_status"":""in_progress"",""days_in_stage"":""7"",""property_name"":""Maple Ridge Apartments"",""work_order_id"":""WO-048"",""completed_date"":"""",""scheduled_date"":""2026-03-28"",""bottleneck_flag"":""True"",""bottleneck_type"":""rework_loop"",""estimated_hours"":""3"",""aggregation_scope"":""unit,property,regional""}","a09e88e2-c6e6-4475-8be8-d3c54ebc8ef6","""2026-04-07T02:14:07.321Z""","""2026-04-07T02:14:07.321Z""","Team B","Stress-test inspection/rework logic","East Region","Maple Ridge Apartments","304","TURN-048","""2026-03-28T00:00:00.000Z""","3","3","Inspection","in_progress","7","true","Inspection failed - paint touch-up needed","Property Supervisor","true","rework_loop","unit,property,regional"
"74","WO-049","6",,,"559","Turn","Inspection failure triggered rework in unit 305","high","in_progress","""2026-03-26T00:00:00.000Z""",,,"24","missed","266.24","false","{""notes"":""Stress-test inspection/rework logic"",""stage"":""Rework"",""status"":""In Progress"",""vendor"":""Internal Maintenance"",""turn_id"":""TURN-049"",""category"":""Turn"",""priority"":""High"",""is_blocked"":""True"",""assigned_to"":""Property Supervisor"",""description"":""Inspection failure triggered rework in unit 305"",""region_name"":""East Region"",""unit_number"":""305"",""actual_hours"":""3"",""created_date"":""2026-03-26"",""delay_reason"":""Inspection failed - paint touch-up needed"",""stage_status"":""in_progress"",""days_in_stage"":""8"",""property_name"":""Maple Ridge Apartments"",""work_order_id"":""WO-049"",""completed_date"":"""",""scheduled_date"":""2026-03-27"",""bottleneck_flag"":""True"",""bottleneck_type"":""rework_loop"",""estimated_hours"":""3"",""aggregation_scope"":""unit,property,regional""}","a09e88e2-c6e6-4475-8be8-d3c54ebc8ef6","""2026-04-07T02:14:07.331Z""","""2026-04-07T02:14:07.331Z""","Property Supervisor","Stress-test inspection/rework logic","East Region","Maple Ridge Apartments","305","TURN-049","""2026-03-27T00:00:00.000Z""","3","3","Rework","in_progress","8","true","Inspection failed - paint touch-up needed","Internal Maintenance","true","rework_loop","unit,property,regional"
"75","WO-050","6",,,"560","Turn","Inspection failure triggered rework in unit 306","high","in_progress","""2026-03-25T00:00:00.000Z""",,,"24","missed","290.24","false","{""notes"":""Stress-test inspection/rework logic"",""stage"":""Rework"",""status"":""In Progress"",""vendor"":""Internal Maintenance"",""turn_id"":""TURN-050"",""category"":""Turn"",""priority"":""High"",""is_blocked"":""True"",""assigned_to"":""Team B"",""description"":""Inspection failure triggered rework in unit 306"",""region_name"":""East Region"",""unit_number"":""306"",""actual_hours"":""2"",""created_date"":""2026-03-25"",""delay_reason"":""Inspection failed - maintenance punch list incomplete"",""stage_status"":""in_progress"",""days_in_stage"":""4"",""property_name"":""Maple Ridge Apartments"",""work_order_id"":""WO-050"",""completed_date"":"""",""scheduled_date"":""2026-03-26"",""bottleneck_flag"":""True"",""bottleneck_type"":""rework_loop"",""estimated_hours"":""3"",""aggregation_scope"":""unit,property,regional""}","a09e88e2-c6e6-4475-8be8-d3c54ebc8ef6","""2026-04-07T02:14:07.342Z""","""2026-04-07T02:14:07.342Z""","Team B","Stress-test inspection/rework logic","East Region","Maple Ridge Apartments","306","TURN-050","""2026-03-26T00:00:00.000Z""","3","2","Rework","in_progress","4","true","Inspection failed - maintenance punch list incomplete","Internal Maintenance","true","rework_loop","unit,property,regional"
"76","WO-051","6",,,"561","Turn","Inspection failure triggered rework in unit 307","critical","in_progress","""2026-03-24T00:00:00.000Z""",,,"24","missed","314.24","false","{""notes"":""Stress-test inspection/rework logic"",""stage"":""Rework"",""status"":""In Progress"",""vendor"":""Property Supervisor"",""turn_id"":""TURN-051"",""category"":""Turn"",""priority"":""Critical"",""is_blocked"":""True"",""assigned_to"":""Property Supervisor"",""description"":""Inspection failure triggered rework in unit 307"",""region_name"":""East Region"",""unit_number"":""307"",""actual_hours"":""3"",""created_date"":""2026-03-24"",""delay_reason"":""Inspection failed - maintenance punch list incomplete"",""stage_status"":""in_progress"",""days_in_stage"":""7"",""property_name"":""Maple Ridge Apartments"",""work_order_id"":""WO-051"",""completed_date"":"""",""scheduled_date"":""2026-03-25"",""bottleneck_flag"":""True"",""bottleneck_type"":""rework_loop"",""estimated_hours"":""4"",""aggregation_scope"":""unit,property,regional""}","a09e88e2-c6e6-4475-8be8-d3c54ebc8ef6","""2026-04-07T02:14:07.353Z""","""2026-04-07T02:14:07.353Z""","Property Supervisor","Stress-test inspection/rework logic","East Region","Maple Ridge Apartments","307","TURN-051","""2026-03-25T00:00:00.000Z""","4","3","Rework","in_progress","7","true","Inspection failed - maintenance punch list incomplete","Property Supervisor","true","rework_loop","unit,property,regional"
"77","WO-052","6",,,"562","Turn","Inspection failure triggered rework in unit 308","critical","in_progress","""2026-03-23T00:00:00.000Z""",,,"24","missed","338.24","false","{""notes"":""Stress-test inspection/rework logic"",""stage"":""Rework"",""status"":""In Progress"",""vendor"":""Property Supervisor"",""turn_id"":""TURN-052"",""category"":""Turn"",""priority"":""Critical"",""is_blocked"":""True"",""assigned_to"":""Team B"",""description"":""Inspection failure triggered rework in unit 308"",""region_name"":""East Region"",""unit_number"":""308"",""actual_hours"":""3"",""created_date"":""2026-03-23"",""delay_reason"":""Inspection failed - cleaning incomplete"",""stage_status"":""in_progress"",""days_in_stage"":""8"",""property_name"":""Maple Ridge Apartments"",""work_order_id"":""WO-052"",""completed_date"":"""",""scheduled_date"":""2026-03-24"",""bottleneck_flag"":""True"",""bottleneck_type"":""rework_loop"",""estimated_hours"":""4"",""aggregation_scope"":""unit,property,regional""}","a09e88e2-c6e6-4475-8be8-d3c54ebc8ef6","""2026-04-07T02:14:07.364Z""","""2026-04-07T02:14:07.364Z""","Team B","Stress-test inspection/rework logic","East Region","Maple Ridge Apartments","308","TURN-052","""2026-03-24T00:00:00.000Z""","4","3","Rework","in_progress","8","true","Inspection failed - cleaning incomplete","Property Supervisor","true","rework_loop","unit,property,regional"
"78","WO-053","6",,,"563","Turn","Inspection failure triggered rework in unit 309","critical","in_progress","""2026-03-22T00:00:00.000Z""",,,"24","missed","362.24","false","{""notes"":""Stress-test inspection/rework logic"",""stage"":""Rework"",""status"":""In Progress"",""vendor"":""Property Supervisor"",""turn_id"":""TURN-053"",""category"":""Turn"",""priority"":""Critical"",""is_blocked"":""True"",""assigned_to"":""Property Supervisor"",""description"":""Inspection failure triggered rework in unit 309"",""region_name"":""East Region"",""unit_number"":""309"",""actual_hours"":""1"",""created_date"":""2026-03-22"",""delay_reason"":""Inspection failed - cleaning incomplete"",""stage_status"":""in_progress"",""days_in_stage"":""6"",""property_name"":""Maple Ridge Apartments"",""work_order_id"":""WO-053"",""completed_date"":"""",""scheduled_date"":""2026-03-23"",""bottleneck_flag"":""True"",""bottleneck_type"":""rework_loop"",""estimated_hours"":""2"",""aggregation_scope"":""unit,property,regional""}","a09e88e2-c6e6-4475-8be8-d3c54ebc8ef6","""2026-04-07T02:14:07.375Z""","""2026-04-07T02:14:07.375Z""","Property Supervisor","Stress-test inspection/rework logic","East Region","Maple Ridge Apartments","309","TURN-053","""2026-03-23T00:00:00.000Z""","2","1","Rework","in_progress","6","true","Inspection failed - cleaning incomplete","Property Supervisor","true","rework_loop","unit,property,regional"
"79","WO-054","6",,,"564","Turn","Inspection failure triggered rework in unit 310","critical","in_progress","""2026-03-21T00:00:00.000Z""",,,"24","missed","386.24","false","{""notes"":""Stress-test inspection/rework logic"",""stage"":""Rework"",""status"":""In Progress"",""vendor"":""Internal Maintenance"",""turn_id"":""TURN-054"",""category"":""Turn"",""priority"":""Critical"",""is_blocked"":""True"",""assigned_to"":""Team B"",""description"":""Inspection failure triggered rework in unit 310"",""region_name"":""East Region"",""unit_number"":""310"",""actual_hours"":""2"",""created_date"":""2026-03-21"",""delay_reason"":""Inspection failed - cleaning incomplete"",""stage_status"":""in_progress"",""days_in_stage"":""7"",""property_name"":""Maple Ridge Apartments"",""work_order_id"":""WO-054"",""completed_date"":"""",""scheduled_date"":""2026-03-22"",""bottleneck_flag"":""True"",""bottleneck_type"":""rework_loop"",""estimated_hours"":""3"",""aggregation_scope"":""unit,property,regional""}","a09e88e2-c6e6-4475-8be8-d3c54ebc8ef6","""2026-04-07T02:14:07.387Z""","""2026-04-07T02:14:07.387Z""","Team B","Stress-test inspection/rework logic","East Region","Maple Ridge Apartments","310","TURN-054","""2026-03-22T00:00:00.000Z""","3","2","Rework","in_progress","7","true","Inspection failed - cleaning incomplete","Internal Maintenance","true","rework_loop","unit,property,regional"
"80","WO-055","6",,,"565","General","Regular unit progression for unit 311","low","submitted","""2026-04-04T00:00:00.000Z""",,,"24","missed","50.24","false","{""notes"":""Baseline row outside rework cluster"",""stage"":""Cleaning"",""status"":""Open"",""vendor"":""Internal Cleaning Crew"",""turn_id"":""TURN-055"",""category"":""General"",""priority"":""Low"",""is_blocked"":""False"",""assigned_to"":""Vendor Liaison"",""description"":""Regular unit progression for unit 311"",""region_name"":""East Region"",""unit_number"":""311"",""actual_hours"":""2"",""created_date"":""2026-04-04"",""delay_reason"":"""",""stage_status"":""in_progress"",""days_in_stage"":""0"",""property_name"":""Maple Ridge Apartments"",""work_order_id"":""WO-055"",""completed_date"":"""",""scheduled_date"":""2026-04-03"",""bottleneck_flag"":""False"",""bottleneck_type"":""none"",""estimated_hours"":""1"",""aggregation_scope"":""unit,property,regional""}","a09e88e2-c6e6-4475-8be8-d3c54ebc8ef6","""2026-04-07T02:14:07.398Z""","""2026-04-07T02:14:07.398Z""","Vendor Liaison","Baseline row outside rework cluster","East Region","Maple Ridge Apartments","311","TURN-055","""2026-04-03T00:00:00.000Z""","1","2","Cleaning","in_progress","0","false",,"Internal Cleaning Crew","false","none","unit,property,regional"
"81","WO-056","6",,,"566","Turn","Regular unit progression for unit 312","low","submitted","""2026-04-02T00:00:00.000Z""",,,"24","missed","98.24","false","{""notes"":""Baseline row outside rework cluster"",""stage"":""Cleaning"",""status"":""Open"",""vendor"":""Internal Cleaning Crew"",""turn_id"":""TURN-056"",""category"":""Turn"",""priority"":""Low"",""is_blocked"":""False"",""assigned_to"":""Tech Mike"",""description"":""Regular unit progression for unit 312"",""region_name"":""East Region"",""unit_number"":""312"",""actual_hours"":""0"",""created_date"":""2026-04-02"",""delay_reason"":"""",""stage_status"":""in_progress"",""days_in_stage"":""2"",""property_name"":""Maple Ridge Apartments"",""work_order_id"":""WO-056"",""completed_date"":"""",""scheduled_date"":""2026-04-06"",""bottleneck_flag"":""False"",""bottleneck_type"":""none"",""estimated_hours"":""4"",""aggregation_scope"":""unit,property,regional""}","a09e88e2-c6e6-4475-8be8-d3c54ebc8ef6","""2026-04-07T02:14:07.417Z""","""2026-04-07T02:14:07.417Z""","Tech Mike","Baseline row outside rework cluster","East Region","Maple Ridge Apartments","312","TURN-056","""2026-04-06T00:00:00.000Z""","4","0","Cleaning","in_progress","2","false",,"Internal Cleaning Crew","false","none","unit,property,regional"
"82","WO-057","6",,,"567","Appliance","Regular unit progression for unit 313","high","completed","""2026-04-03T00:00:00.000Z""",,"""2026-04-05T00:00:00.000Z""","24","missed","74.24","false","{""notes"":""Baseline row outside rework cluster"",""stage"":""Cleaning"",""status"":""Completed"",""vendor"":""Internal Cleaning Crew"",""turn_id"":""TURN-057"",""category"":""Appliance"",""priority"":""High"",""is_blocked"":""False"",""assigned_to"":""Vendor Liaison"",""description"":""Regular unit progression for unit 313"",""region_name"":""East Region"",""unit_number"":""313"",""actual_hours"":""3"",""created_date"":""2026-04-03"",""delay_reason"":"""",""stage_status"":""completed"",""days_in_stage"":""0"",""property_name"":""Maple Ridge Apartments"",""work_order_id"":""WO-057"",""completed_date"":""2026-04-05"",""scheduled_date"":""2026-04-06"",""bottleneck_flag"":""False"",""bottleneck_type"":""none"",""estimated_hours"":""2"",""aggregation_scope"":""unit,property,regional""}","a09e88e2-c6e6-4475-8be8-d3c54ebc8ef6","""2026-04-07T02:14:07.429Z""","""2026-04-07T02:14:07.429Z""","Vendor Liaison","Baseline row outside rework cluster","East Region","Maple Ridge Apartments","313","TURN-057","""2026-04-06T00:00:00.000Z""","2","3","Cleaning","completed","0","false",,"Internal Cleaning Crew","false","none","unit,property,regional"
"83","WO-058","6",,,"568","Turn","Regular unit progression for unit 314","medium","in_progress","""2026-04-03T00:00:00.000Z""",,,"24","missed","74.24","false","{""notes"":""Baseline row outside rework cluster"",""stage"":""Paint"",""status"":""In Progress"",""vendor"":""Fresh Coat Contractors"",""turn_id"":""TURN-058"",""category"":""Turn"",""priority"":""Medium"",""is_blocked"":""False"",""assigned_to"":""Team B"",""description"":""Regular unit progression for unit 314"",""region_name"":""East Region"",""unit_number"":""314"",""actual_hours"":""4"",""created_date"":""2026-04-03"",""delay_reason"":"""",""stage_status"":""in_progress"",""days_in_stage"":""1"",""property_name"":""Maple Ridge Apartments"",""work_order_id"":""WO-058"",""completed_date"":"""",""scheduled_date"":""2026-04-04"",""bottleneck_flag"":""False"",""bottleneck_type"":""none"",""estimated_hours"":""4"",""aggregation_scope"":""unit,property,regional""}","a09e88e2-c6e6-4475-8be8-d3c54ebc8ef6","""2026-04-07T02:14:07.443Z""","""2026-04-07T02:14:07.443Z""","Team B","Baseline row outside rework cluster","East Region","Maple Ridge Apartments","314","TURN-058","""2026-04-04T00:00:00.000Z""","4","4","Paint","in_progress","1","false",,"Fresh Coat Contractors","false","none","unit,property,regional"
"84","WO-059","6",,,"569","General","Regular unit progression for unit 315","low","submitted","""2026-04-06T00:00:00.000Z""",,,"24","missed","2.24","false","{""notes"":""Baseline row outside rework cluster"",""stage"":""Cleaning"",""status"":""Open"",""vendor"":""Internal Cleaning Crew"",""turn_id"":""TURN-059"",""category"":""General"",""priority"":""Low"",""is_blocked"":""False"",""assigned_to"":""Tech Mike"",""description"":""Regular unit progression for unit 315"",""region_name"":""East Region"",""unit_number"":""315"",""actual_hours"":""4"",""created_date"":""2026-04-06"",""delay_reason"":"""",""stage_status"":""in_progress"",""days_in_stage"":""1"",""property_name"":""Maple Ridge Apartments"",""work_order_id"":""WO-059"",""completed_date"":"""",""scheduled_date"":""2026-04-01"",""bottleneck_flag"":""False"",""bottleneck_type"":""none"",""estimated_hours"":""5"",""aggregation_scope"":""unit,property,regional""}","a09e88e2-c6e6-4475-8be8-d3c54ebc8ef6","""2026-04-07T02:14:07.455Z""","""2026-04-07T02:14:07.455Z""","Tech Mike","Baseline row outside rework cluster","East Region","Maple Ridge Apartments","315","TURN-059","""2026-04-01T00:00:00.000Z""","5","4","Cleaning","in_progress","1","false",,"Internal Cleaning Crew","false","none","unit,property,regional"
"85","WO-060","6",,,"570","Appliance","Regular unit progression for unit 316","high","in_progress","""2026-03-31T00:00:00.000Z""",,,"24","missed","146.24","false","{""notes"":""Baseline row outside rework cluster"",""stage"":""Paint"",""status"":""In Progress"",""vendor"":""Fresh Coat Contractors"",""turn_id"":""TURN-060"",""category"":""Appliance"",""priority"":""High"",""is_blocked"":""False"",""assigned_to"":""Vendor Liaison"",""description"":""Regular unit progression for unit 316"",""region_name"":""East Region"",""unit_number"":""316"",""actual_hours"":""4"",""created_date"":""2026-03-31"",""delay_reason"":"""",""stage_status"":""in_progress"",""days_in_stage"":""3"",""property_name"":""Maple Ridge Apartments"",""work_order_id"":""WO-060"",""completed_date"":"""",""scheduled_date"":""2026-04-01"",""bottleneck_flag"":""False"",""bottleneck_type"":""none"",""estimated_hours"":""4"",""aggregation_scope"":""unit,property,regional""}","a09e88e2-c6e6-4475-8be8-d3c54ebc8ef6","""2026-04-07T02:14:07.467Z""","""2026-04-07T02:14:07.467Z""","Vendor Liaison","Baseline row outside rework cluster","East Region","Maple Ridge Apartments","316","TURN-060","""2026-04-01T00:00:00.000Z""","4","4","Paint","in_progress","3","false",,"Fresh Coat Contractors","false","none","unit,property,regional"
"86","WO-061","6",,,"571","General","Regular unit progression for unit 317","low","submitted","""2026-04-04T00:00:00.000Z""",,,"24","missed","50.24","false","{""notes"":""Baseline row outside rework cluster"",""stage"":""Paint"",""status"":""Open"",""vendor"":""Fresh Coat Contractors"",""turn_id"":""TURN-061"",""category"":""General"",""priority"":""Low"",""is_blocked"":""False"",""assigned_to"":""Vendor Liaison"",""description"":""Regular unit progression for unit 317"",""region_name"":""East Region"",""unit_number"":""317"",""actual_hours"":""0"",""created_date"":""2026-04-04"",""delay_reason"":"""",""stage_status"":""in_progress"",""days_in_stage"":""1"",""property_name"":""Maple Ridge Apartments"",""work_order_id"":""WO-061"",""completed_date"":"""",""scheduled_date"":""2026-04-03"",""bottleneck_flag"":""False"",""bottleneck_type"":""none"",""estimated_hours"":""3"",""aggregation_scope"":""unit,property,regional""}","a09e88e2-c6e6-4475-8be8-d3c54ebc8ef6","""2026-04-07T02:14:07.479Z""","""2026-04-07T02:14:07.479Z""","Vendor Liaison","Baseline row outside rework cluster","East Region","Maple Ridge Apartments","317","TURN-061","""2026-04-03T00:00:00.000Z""","3","0","Paint","in_progress","1","false",,"Fresh Coat Contractors","false","none","unit,property,regional"
"87","WO-062","6",,,"572","General","Regular unit progression for unit 318","low","completed","""2026-04-05T00:00:00.000Z""",,"""2026-04-04T00:00:00.000Z""","24","missed","26.24","false","{""notes"":""Baseline row outside rework cluster"",""stage"":""Maintenance"",""status"":""Completed"",""vendor"":""Internal Maintenance"",""turn_id"":""TURN-062"",""category"":""General"",""priority"":""Low"",""is_blocked"":""False"",""assigned_to"":""Tech Mike"",""description"":""Regular unit progression for unit 318"",""region_name"":""East Region"",""unit_number"":""318"",""actual_hours"":""5"",""created_date"":""2026-04-05"",""delay_reason"":"""",""stage_status"":""completed"",""days_in_stage"":""2"",""property_name"":""Maple Ridge Apartments"",""work_order_id"":""WO-062"",""completed_date"":""2026-04-04"",""scheduled_date"":""2026-04-01"",""bottleneck_flag"":""False"",""bottleneck_type"":""none"",""estimated_hours"":""4"",""aggregation_scope"":""unit,property,regional""}","a09e88e2-c6e6-4475-8be8-d3c54ebc8ef6","""2026-04-07T02:14:07.491Z""","""2026-04-07T02:14:07.491Z""","Tech Mike","Baseline row outside rework cluster","East Region","Maple Ridge Apartments","318","TURN-062","""2026-04-01T00:00:00.000Z""","4","5","Maintenance","completed","2","false",,"Internal Maintenance","false","none","unit,property,regional"
"88","WO-063","6",,,"573","General","Regular unit progression for unit 319","low","submitted","""2026-04-02T00:00:00.000Z""",,,"24","missed","98.24","false","{""notes"":""Baseline row outside rework cluster"",""stage"":""Cleaning"",""status"":""Open"",""vendor"":""Internal Cleaning Crew"",""turn_id"":""TURN-063"",""category"":""General"",""priority"":""Low"",""is_blocked"":""False"",""assigned_to"":""Tech Sara"",""description"":""Regular unit progression for unit 319"",""region_name"":""East Region"",""unit_number"":""319"",""actual_hours"":""2"",""created_date"":""2026-04-02"",""delay_reason"":"""",""stage_status"":""in_progress"",""days_in_stage"":""2"",""property_name"":""Maple Ridge Apartments"",""work_order_id"":""WO-063"",""completed_date"":"""",""scheduled_date"":""2026-04-03"",""bottleneck_flag"":""False"",""bottleneck_type"":""none"",""estimated_hours"":""1"",""aggregation_scope"":""unit,property,regional""}","a09e88e2-c6e6-4475-8be8-d3c54ebc8ef6","""2026-04-07T02:14:07.506Z""","""2026-04-07T02:14:07.506Z""","Tech Sara","Baseline row outside rework cluster","East Region","Maple Ridge Apartments","319","TURN-063","""2026-04-03T00:00:00.000Z""","1","2","Cleaning","in_progress","2","false",,"Internal Cleaning Crew","false","none","unit,property,regional"
"89","WO-064","6",,,"574","Appliance","Regular unit progression for unit 320","medium","submitted","""2026-04-01T00:00:00.000Z""",,,"24","missed","122.24","false","{""notes"":""Baseline row outside rework cluster"",""stage"":""Cleaning"",""status"":""Open"",""vendor"":""Internal Cleaning Crew"",""turn_id"":""TURN-064"",""category"":""Appliance"",""priority"":""Medium"",""is_blocked"":""False"",""assigned_to"":""Tech Sara"",""description"":""Regular unit progression for unit 320"",""region_name"":""East Region"",""unit_number"":""320"",""actual_hours"":""2"",""created_date"":""2026-04-01"",""delay_reason"":"""",""stage_status"":""in_progress"",""days_in_stage"":""3"",""property_name"":""Maple Ridge Apartments"",""work_order_id"":""WO-064"",""completed_date"":"""",""scheduled_date"":""2026-04-05"",""bottleneck_flag"":""False"",""bottleneck_type"":""none"",""estimated_hours"":""1"",""aggregation_scope"":""unit,property,regional""}","a09e88e2-c6e6-4475-8be8-d3c54ebc8ef6","""2026-04-07T02:14:07.518Z""","""2026-04-07T02:14:07.518Z""","Tech Sara","Baseline row outside rework cluster","East Region","Maple Ridge Apartments","320","TURN-064","""2026-04-05T00:00:00.000Z""","1","2","Cleaning","in_progress","3","false",,"Internal Cleaning Crew","false","none","unit,property,regional"
"90","WO-065","5","842",,"575","Cleaning","Cleaning delayed after flooring completion","high","in_progress","""2026-03-28T00:00:00.000Z""",,,"24","missed","218.24","false","{""notes"":""Regional comparison outlier"",""stage"":""Cleaning"",""status"":""In Progress"",""vendor"":""Internal Cleaning Crew"",""turn_id"":""TURN-065"",""category"":""Cleaning"",""priority"":""High"",""is_blocked"":""True"",""assigned_to"":""Team B"",""description"":""Cleaning delayed after flooring completion"",""region_name"":""North Region"",""unit_number"":""129"",""actual_hours"":""2"",""created_date"":""2026-03-28"",""delay_reason"":""Cleaning team backlog"",""stage_status"":""in_progress"",""days_in_stage"":""7"",""property_name"":""Stonewood Village"",""work_order_id"":""WO-065"",""completed_date"":"""",""scheduled_date"":""2026-03-29"",""bottleneck_flag"":""True"",""bottleneck_type"":""post-flooring_delay"",""estimated_hours"":""4"",""aggregation_scope"":""unit,property,regional""}","a09e88e2-c6e6-4475-8be8-d3c54ebc8ef6","""2026-04-07T02:14:07.531Z""","""2026-04-07T02:14:07.531Z""","Team B","Regional comparison outlier","North Region","Stonewood Village","129","TURN-065","""2026-03-29T00:00:00.000Z""","4","2","Cleaning","in_progress","7","true","Cleaning team backlog","Internal Cleaning Crew","true","post-flooring_delay","unit,property,regional"
"91","WO-066","8",,,"576","Turn","Turn stalled awaiting final inspection","critical","submitted","""2026-03-29T00:00:00.000Z""",,,"24","missed","194.24","false","{""notes"":""Regional comparison outlier"",""stage"":""Inspection"",""status"":""Open"",""vendor"":""Property Supervisor"",""turn_id"":""TURN-066"",""category"":""Turn"",""priority"":""Critical"",""is_blocked"":""True"",""assigned_to"":""Property Supervisor"",""description"":""Turn stalled awaiting final inspection"",""region_name"":""North Region"",""unit_number"":""228"",""actual_hours"":""0"",""created_date"":""2026-03-29"",""delay_reason"":""Supervisor availability delay"",""stage_status"":""not_started"",""days_in_stage"":""6"",""property_name"":""Cedars of Chili"",""work_order_id"":""WO-066"",""completed_date"":"""",""scheduled_date"":""2026-03-30"",""bottleneck_flag"":""True"",""bottleneck_type"":""inspection_queue"",""estimated_hours"":""2"",""aggregation_scope"":""unit,property,regional""}","a09e88e2-c6e6-4475-8be8-d3c54ebc8ef6","""2026-04-07T02:14:07.543Z""","""2026-04-07T02:14:07.543Z""","Property Supervisor","Regional comparison outlier","North Region","Cedars of Chili","228","TURN-066","""2026-03-30T00:00:00.000Z""","2","0","Inspection","not_started","6","true","Supervisor availability delay","Property Supervisor","true","inspection_queue","unit,property,regional"
"92","WO-067","6",,,"577","Turn","Paint crew reschedule affecting unit turnover","high","in_progress","""2026-04-01T00:00:00.000Z""",,,"24","missed","122.24","false","{""notes"":""Regional comparison outlier"",""stage"":""Paint"",""status"":""In Progress"",""vendor"":""Fresh Coat Contractors"",""turn_id"":""TURN-067"",""category"":""Turn"",""priority"":""High"",""is_blocked"":""True"",""assigned_to"":""Team A"",""description"":""Paint crew reschedule affecting unit turnover"",""region_name"":""East Region"",""unit_number"":""325"",""actual_hours"":""2"",""created_date"":""2026-04-01"",""delay_reason"":""Vendor reschedule"",""stage_status"":""in_progress"",""days_in_stage"":""5"",""property_name"":""Maple Ridge Apartments"",""work_order_id"":""WO-067"",""completed_date"":"""",""scheduled_date"":""2026-04-02"",""bottleneck_flag"":""True"",""bottleneck_type"":""vendor_delay"",""estimated_hours"":""5"",""aggregation_scope"":""unit,property,regional""}","a09e88e2-c6e6-4475-8be8-d3c54ebc8ef6","""2026-04-07T02:14:07.556Z""","""2026-04-07T02:14:07.556Z""","Team A","Regional comparison outlier","East Region","Maple Ridge Apartments","325","TURN-067","""2026-04-02T00:00:00.000Z""","5","2","Paint","in_progress","5","true","Vendor reschedule","Fresh Coat Contractors","true","vendor_delay","unit,property,regional"